{0.051649, 0.090871, 0.142520}
{0.253284, 0.310890, 0.564175}
{0.442385, 0.540373, 0.982758}
{0.617647, 0.777963, 1.395610}
{0.778164, 1.022570, 1.800734}
{0.923405, 1.273234, 2.196639}
{1.053281, 1.529126, 2.582407}
{1.168166, 1.789530, 2.957696}
{1.268847, 2.053836, 3.322683}
{1.356432, 2.321523, 3.677955}
{1.432219, 2.592151, 4.024370}
{1.497583, 2.865342, 4.362926}
{1.553876, 3.140778, 4.694654}
{1.602362, 3.418184, 5.020546}
{1.644177, 3.697328, 5.341505}
{1.680323, 3.978009, 5.658332}
{1.711658, 4.260055, 5.971713}
{1.738916, 4.543316, 6.282232}
{1.762713, 4.827664, 6.590377}
{1.783568, 5.112987, 6.896556}
{1.801917, 5.399187, 7.201103}
{1.818121, 5.686177, 7.504298}
{1.832487, 5.973883, 7.806370}
{1.845270, 6.262238, 8.107509}
{6.551184, 8.642800, 15.193984}
{6.840669, 8.922148, 15.762817}
{7.130646, 9.203025, 16.333671}
{7.421073, 9.485258, 16.906332}
{7.711915, 9.768700, 17.480615}
{8.003138, 10.053222, 18.056360}
{8.294712, 10.338713, 18.633424}
{8.586610, 10.625075, 19.211685}
{8.878808, 10.912224, 19.791032}
{9.171285, 11.200085, 20.371369}
{9.464019, 11.488592, 20.952611}
{9.756994, 11.777687, 21.534681}
{10.050192, 12.067319, 22.117511}
{10.343599, 12.357441, 22.701040}
{10.637200, 12.648014, 23.285214}
{10.930983, 12.939000, 23.869983}
{11.224937, 13.230366, 24.455303}
{11.519051, 13.522083, 25.041134}
{11.813314, 13.814125, 25.627439}
{12.107718, 14.106467, 26.214185}
{12.402255, 14.399088, 26.801343}
{12.696917, 14.691967, 27.388884}
{12.991696, 14.985088, 27.976784}
{13.286586, 15.278434, 28.565019}
{13.581580, 15.571989, 29.153569}
{13.876674, 15.865740, 29.742414}
{14.171860, 16.159675, 30.331535}
{0.051735, 0.090665, 0.142400}
{0.255494, 0.308593, 0.564088}
{0.449929, 0.534155, 0.984085}
{0.634159, 0.766457, 1.400615}
{0.807534, 1.004799, 1.812333}
{0.969547, 1.248545, 2.218092}
{1.119855, 1.497121, 2.616976}
{1.258315, 1.750008, 3.008323}
{1.384998, 2.006744, 3.391741}
{1.500180, 2.266917, 3.767097}
{1.604326, 2.530164, 4.134490}
{1.698055, 2.796162, 4.494217}
{1.782092, 3.064629, 4.846720}
{1.857230, 3.335312, 5.192542}
{1.924286, 3.607991, 5.532277}
{1.984068, 3.882470, 5.866537}
{2.037350, 4.158576, 6.195925}
{2.084855, 4.436156, 6.521011}
{2.127248, 4.715073, 6.842321}
{2.165127, 4.995208, 7.160336}
{2.199029, 5.276453, 7.475482}
{2.229427, 5.558711, 7.788138}
{2.256740, 5.841897, 8.098637}
{2.281333, 6.125934, 8.407267}
{2.303528, 6.410752, 8.714281}
{2.323605, 6.696291, 9.019895}
{2.341806, 6.982493, 9.324299}
{2.358345, 7.269309, 9.627653}
{2.373407, 7.556692, 9.930099}
{2.387155, 7.844601, 10.231756}
{2.399731, 8.132998, 10.532730}
{2.411259, 8.421850, 10.833109}
{8.711125, 11.438318, 20.149442}
{9.000793, 11.718357, 20.719151}
{9.290830, 11.999527, 21.290357}
{9.581211, 12.281729, 21.862940}
{9.871914, 12.564875, 22.436789}
{10.162919, 12.848886, 23.011805}
{10.454208, 13.133692, 23.587899}
{10.745762, 13.419229, 24.164991}
{11.037567, 13.705441, 24.743008}
{11.329608, 13.992276, 25.321883}
{11.621870, 14.279687, 25.901557}
{11.914342, 14.567633, 26.481975}
{12.207012, 14.856074, 27.063086}
{12.499869, 15.144977, 27.644846}
{12.792903, 15.434309, 28.227212}
{13.086104, 15.724042, 28.810146}
{13.379464, 16.014148, 29.393612}
{13.672974, 16.304605, 29.977578}
{13.966626, 16.595389, 30.562015}
{0.051789, 0.090535, 0.142324}
{0.256853, 0.307125, 0.563978}
{0.454518, 0.530113, 0.984631}
{0.644134, 0.758844, 1.402978}
{0.825237, 0.992834, 1.818070}
{0.997423, 1.231636, 2.229058}
{1.160366, 1.474834, 2.635200}
{1.313831, 1.722044, 3.035875}
{1.457687, 1.972913, 3.430600}
{1.591915, 2.227119, 3.819034}
{1.716611, 2.484368, 4.200979}
{1.831981, 2.744393, 4.576375}
{1.938331, 3.006954, 4.945285}
{2.036052, 3.271830, 5.307882}
{2.125600, 3.538826, 5.664425}
{2.207477, 3.807762, 6.015238}
{2.282214, 4.078476, 6.360690}
{2.350351, 4.350825, 6.701176}
{2.412425, 4.624674, 7.037099}
{2.468956, 4.899906, 7.368863}
{2.520441, 5.176413, 7.696855}
{2.567347, 5.454096, 8.021443}
{2.610107, 5.732867, 8.342973}
{2.649120, 6.012645, 8.661764}
{2.684751, 6.293356, 8.978106}
{2.717331, 6.574934, 9.292265}
{2.747160, 6.857317, 9.604477}
{2.774508, 7.140451, 9.914958}
{2.799616, 7.424283, 10.223899}
{2.822703, 7.708767, 10.531470}
{2.843962, 7.993861, 10.837823}
{2.863568, 8.279525, 11.143093}
{2.881678, 8.565722, 11.447400}
{2.898429, 8.852420, 11.750850}
{2.913948, 9.139588, 12.053537}
{2.928347, 9.427197, 12.355544}
{2.941725, 9.715222, 12.656946}
{2.954172, 10.003637, 12.957809}
{2.965769, 10.292422, 13.258191}
{10.581553, 13.954728, 24.536281}
{10.871013, 14.234212, 25.105225}
{11.160783, 14.514662, 25.675445}
{11.450847, 14.796008, 26.246855}
{11.741189, 15.078187, 26.819375}
{12.031794, 15.361139, 27.392933}
{12.322648, 15.644814, 27.967462}
{12.613740, 15.929160, 28.542900}
{12.905056, 16.214135, 29.119192}
{13.196587, 16.499697, 29.696284}
{13.488321, 16.785809, 30.274130}
{13.780248, 17.072437, 30.852685}
{0.051826, 0.090446, 0.142272}
{0.257771, 0.306106, 0.563877}
{0.457599, 0.527276, 0.984876}
{0.650796, 0.753441, 1.404238}
{0.837015, 0.984246, 1.821261}
{1.015944, 1.219361, 2.235305}
{1.187311, 1.458473, 2.645785}
{1.350890, 1.701291, 3.052181}
{1.506508, 1.947538, 3.454047}
{1.654056, 2.196961, 3.851017}
{1.793488, 2.449321, 4.242809}
{1.924828, 2.704400, 4.629228}
{2.048170, 2.961993, 5.010163}
{2.163669, 3.221915, 5.385585}
{2.271543, 3.483994, 5.755537}
{2.372060, 3.748071, 6.120131}
{2.465529, 4.014002, 6.479530}
{2.552293, 4.281652, 6.833945}
{2.632718, 4.550901, 7.183619}
{2.707182, 4.821635, 7.528817}
{2.776070, 5.093751, 7.869821}
{2.839762, 5.367155, 8.206917}
{2.898633, 5.641759, 8.540392}
{2.953042, 5.917484, 8.870526}
{3.003333, 6.194255, 9.197589}
{3.049833, 6.472005, 9.521838}
{3.092845, 6.750671, 9.843517}
{3.132656, 7.030196, 10.162852}
{3.169529, 7.310526, 10.480055}
{3.203709, 7.591611, 10.795320}
{3.235418, 7.873407, 11.108825}
{3.264864, 8.155871, 11.420735}
{3.292235, 8.438964, 11.731199}
{3.317703, 8.722649, 12.040352}
{3.341424, 9.006894, 12.348318}
{3.363542, 9.291666, 12.655208}
{3.384187, 9.576937, 12.961124}
{3.403478, 9.862680, 13.266158}
{3.421524, 10.148868, 13.570392}
{3.438422, 10.435479, 13.873901}
{3.454262, 10.722491, 14.176753}
{3.469126, 11.009882, 14.479009}
{3.483089, 11.297634, 14.780724}
{3.496219, 11.585729, 15.081948}
{3.508577, 11.874149, 15.382726}
{3.520221, 12.162880, 15.683100}
{12.451905, 16.471236, 28.923141}
{12.741211, 16.750323, 29.491533}
{13.030784, 17.030251, 30.061036}
{13.320613, 17.310970, 30.631584}
{13.610686, 17.592432, 31.203118}
{0.051853, 0.090381, 0.142233}
{0.258434, 0.305358, 0.563792}
{0.459811, 0.525177, 0.984988}
{0.655555, 0.749412, 1.404967}
{0.845399, 0.977790, 1.823189}
{1.029098, 1.210058, 2.239156}
{1.206431, 1.445975, 2.652406}
{1.377201, 1.685311, 3.062511}
{1.541241, 1.927848, 3.469089}
{1.698420, 2.173381, 3.871802}
{1.848648, 2.421717, 4.270364}
{1.991873, 2.672673, 4.664545}
{2.128090, 2.926079, 5.054168}
{2.257337, 3.181776, 5.439113}
{2.379696, 3.439616, 5.819312}
{2.495290, 3.699462, 6.194752}
{2.604280, 3.961184, 6.565464}
{2.706861, 4.224662, 6.931523}
{2.803255, 4.489787, 7.293042}
{2.893710, 4.756454, 7.650164}
{2.978490, 5.024567, 8.003057}
{3.057872, 5.294038, 8.351910}
{3.132138, 5.564784, 8.696922}
{3.201576, 5.836728, 9.038305}
{3.266471, 6.109799, 9.376270}
{3.327104, 6.383930, 9.711033}
{3.383746, 6.659059, 10.042805}
{3.436661, 6.935130, 10.371791}
{3.486102, 7.212088, 10.698190}
{3.532308, 7.489883, 11.022191}
{3.575505, 7.768470, 11.343975}
{3.615907, 8.047805, 11.663712}
{3.653714, 8.327847, 11.981561}
{3.689113, 8.608559, 12.297671}
{3.722277, 8.889905, 12.612182}
{3.753370, 9.171852, 12.925222}
{3.782539, 9.454370, 13.236909}
{3.809925, 9.737430, 13.547355}
{3.835657, 10.021004, 13.856660}
{3.859852, 10.305066, 14.164918}
{3.882620, 10.589594, 14.472214}
{3.904062, 10.874565, 14.778627}
{3.924273, 11.159957, 15.084229}
{3.943337, 11.445750, 15.389087}
{3.961334, 11.731927, 15.693261}
{3.978338, 12.018469, 15.996806}
{3.994415, 12.305360, 16.299775}
{4.009629, 12.592584, 16.602212}
{4.024036, 12.880126, 16.904162}
{4.037690, 13.167973, 17.205663}
{4.050640, 13.456111, 17.506752}
{0.051873, 0.090331, 0.142204}
{0.258935, 0.304784, 0.563720}
{0.461474, 0.523561, 0.985035}
{0.659122, 0.746292, 1.405413}
{0.851664, 0.972761, 1.824425}
{1.038906, 1.202770, 2.241676}
{1.220666, 1.436125, 2.656791}
{1.396776, 1.672643, 3.069420}
{1.567090, 1.912148, 3.479238}
{1.731480, 2.154471, 3.885951}
{1.889843, 2.399453, 4.289296}
{2.042103, 2.646941, 4.689044}
{2.188211, 2.896793, 5.085004}
{2.328148, 3.148872, 5.477021}
{2.461926, 3.403052, 5.864978}
{2.589587, 3.659211, 6.248798}
{2.711201, 3.917237, 6.628437}
{2.826866, 4.177023, 7.003889}
{2.936708, 4.438469, 7.375178}
{3.040874, 4.701483, 7.742357}
{3.139532, 4.965975, 8.105508}
{3.232867, 5.231865, 8.464732}
{3.321077, 5.499075, 8.820152}
{3.404372, 5.767532, 9.171903}
{3.482967, 6.037169, 9.520135}
{3.557083, 6.307922, 9.865005}
{3.626942, 6.579733, 10.206674}
{3.692765, 6.852544, 10.545309}
{3.754770, 7.126305, 10.881075}
{3.813171, 7.400966, 11.214137}
{3.868175, 7.676481, 11.544655}
{3.919982, 7.952806, 11.872788}
{3.968785, 8.229902, 12.198687}
{4.014768, 8.507729, 12.522497}
{4.058105, 8.786253, 12.844358}
{4.098962, 9.065439, 13.164401}
{4.137496, 9.345256, 13.482752}
{4.173854, 9.625674, 13.799527}
{4.208175, 9.906664, 14.114839}
{4.240590, 10.188201, 14.428791}
{4.271220, 10.470258, 14.741479}
{4.300181, 10.752813, 15.052994}
{4.327577, 11.035844, 15.363421}
{4.353509, 11.319328, 15.672838}
{4.378070, 11.603247, 15.981318}
{4.401347, 11.887582, 16.288929}
{4.423419, 12.172314, 16.595733}
{4.444363, 12.457427, 16.901790}
{4.464248, 12.742904, 17.207152}
{4.483139, 13.028732, 17.511871}
{4.501098, 13.314894, 17.815992}
{0.051889, 0.090292, 0.142181}
{0.259327, 0.304332, 0.563658}
{0.462771, 0.522278, 0.985049}
{0.661894, 0.743805, 1.405698}
{0.856521, 0.968736, 1.825257}
{1.046493, 1.196909, 2.243402}
{1.231659, 1.428168, 2.659827}
{1.411879, 1.662363, 3.074242}
{1.587025, 1.899348, 3.486373}
{1.756980, 2.138985, 3.895964}
{1.921644, 2.381138, 4.302783}
{2.080935, 2.625681, 4.706616}
{2.234788, 2.872491, 5.107280}
{2.383159, 3.121453, 5.504612}
{2.526023, 3.372455, 5.898478}
{2.663378, 3.625393, 6.288771}
{2.795244, 3.880167, 6.675411}
{2.921660, 4.136684, 7.058344}
{3.042689, 4.394854, 7.437543}
{3.158411, 4.654592, 7.813003}
{3.268924, 4.915820, 8.184744}
{3.374346, 5.178461, 8.552807}
{3.474805, 5.442445, 8.917251}
{3.570446, 5.707705, 9.278152}
{3.661422, 5.974178, 9.635600}
{3.747896, 6.241803, 9.989700}
{3.830037, 6.510525, 10.340562}
{3.908018, 6.780290, 10.688308}
{3.982015, 7.051048, 11.033063}
{4.052206, 7.322751, 11.374957}
{4.118766, 7.595356, 11.714122}
{4.181870, 7.868819, 12.050689}
{4.241690, 8.143101, 12.384791}
{4.298393, 8.418164, 12.716557}
{4.352142, 8.693972, 13.046115}
{4.403095, 8.970493, 13.373587}
{4.451401, 9.247693, 13.699095}
{4.497208, 9.525544, 14.022752}
{4.540654, 9.804015, 14.344670}
{4.581872, 10.083081, 14.664953}
{4.620986, 10.362716, 14.983703}
{4.658118, 10.642896, 15.301014}
{4.693380, 10.923597, 15.616977}
{4.726879, 11.204798, 15.931677}
{4.758717, 11.486479, 16.245195}
{4.788988, 11.768618, 16.557607}
{4.817783, 12.051199, 16.868982}
{4.845185, 12.334204, 17.179389}
{4.871275, 12.617614, 17.488889}
{4.896127, 12.901415, 17.797542}
{4.919811, 13.185592, 18.105403}
{0.051902, 0.090261, 0.142162}
{0.259641, 0.303965, 0.563606}
{0.463810, 0.521236, 0.985046}
{0.664109, 0.741777, 1.405886}
{0.860394, 0.965441, 1.825836}
{1.052532, 1.192095, 2.244628}
{1.240398, 1.421609, 2.662007}
{1.423871, 1.653858, 3.077729}
{1.602841, 1.888720, 3.491561}
{1.777204, 2.126079, 3.903283}
{1.946869, 2.365821, 4.312690}
{2.111755, 2.607837, 4.719592}
{2.271793, 2.852022, 5.123815}
{2.426928, 3.098277, 5.525205}
{2.577120, 3.346506, 5.923626}
{2.722344, 3.596616, 6.318960}
{2.862591, 3.848520, 6.711111}
{2.997866, 4.102135, 7.100001}
{3.128192, 4.357381, 7.485573}
{3.253608, 4.614182, 7.867790}
{3.374165, 4.872467, 8.246632}
{3.489931, 5.132166, 8.622098}
{3.600988, 5.393215, 8.994203}
{3.707427, 5.655552, 9.362979}
{3.809354, 5.919118, 9.728472}
{3.906881, 6.183858, 10.090739}
{4.000132, 6.449719, 10.449851}
{4.089236, 6.716649, 10.805885}
{4.174328, 6.984603, 11.158931}
{4.255546, 7.253534, 11.509081}
{4.333034, 7.523400, 11.856434}
{4.406934, 7.794161, 12.201095}
{4.477392, 8.065776, 12.543169}
{4.544552, 8.338211, 12.882762}
{4.608555, 8.611429, 13.219984}
{4.669544, 8.885398, 13.554941}
{4.727655, 9.160086, 13.887741}
{4.783023, 9.435464, 14.218488}
{4.835780, 9.711504, 14.547284}
{4.886052, 9.988177, 14.874229}
{4.933961, 10.265460, 15.199420}
{4.979625, 10.543326, 15.522951}
{5.023157, 10.821754, 15.844911}
{5.064666, 11.100720, 16.165387}
{5.104255, 11.380205, 16.484460}
{5.142023, 11.660187, 16.802210}
{5.178064, 11.940648, 17.118712}
{5.212467, 12.221569, 17.434037}
{5.245318, 12.502934, 17.748252}
{5.276697, 12.784726, 18.061422}
{5.306680, 13.066928, 18.373608}
{0.051912, 0.090235, 0.142147}
{0.259900, 0.303662, 0.563561}
{0.464661, 0.520372, 0.985033}
{0.665920, 0.740092, 1.406012}
{0.863555, 0.962696, 1.826251}
{1.057452, 1.188072, 2.245524}
{1.247506, 1.416111, 2.663617}
{1.433615, 1.646708, 3.080322}
{1.615681, 1.879759, 3.495440}
{1.793615, 2.115164, 3.908779}
{1.967332, 2.352828, 4.320161}
{2.136758, 2.592656, 4.729415}
{2.301826, 2.834559, 5.136385}
{2.462478, 3.078448, 5.540925}
{2.618667, 3.324240, 5.942906}
{2.770356, 3.571854, 6.342211}
{2.917522, 3.821214, 6.738736}
{3.060152, 4.072244, 7.132396}
{3.198243, 4.324874, 7.523118}
{3.331808, 4.579036, 7.910844}
{3.460869, 4.834665, 8.295534}
{3.585461, 5.091698, 8.677159}
{3.705630, 5.350076, 9.055706}
{3.821433, 5.609743, 9.431176}
{3.932937, 5.870643, 9.803580}
{4.040218, 6.132727, 10.172944}
{4.143361, 6.395943, 10.539304}
{4.242460, 6.660245, 10.902705}
{4.337613, 6.925589, 11.263202}
{4.428925, 7.191931, 11.620857}
{4.516507, 7.459232, 11.975739}
{4.600472, 7.727451, 12.327923}
{4.680936, 7.996552, 12.677488}
{4.758018, 8.266500, 13.024518}
{4.831839, 8.537261, 13.369099}
{4.902517, 8.808802, 13.711319}
{4.970172, 9.081094, 14.051266}
{5.034924, 9.354107, 14.389032}
{5.096891, 9.627813, 14.724704}
{5.156186, 9.902186, 15.058372}
{5.212925, 10.177200, 15.390125}
{5.267216, 10.452831, 15.720047}
{5.319168, 10.729055, 16.048224}
{5.368885, 11.005852, 16.374737}
{5.416467, 11.283199, 16.699667}
{5.462013, 11.561077, 17.023090}
{5.505615, 11.839466, 17.345081}
{5.547365, 12.118348, 17.665712}
{5.587348, 12.397705, 17.985053}
{5.625647, 12.677521, 18.303168}
{5.662343, 12.957778, 18.620121}
{0.051921, 0.090213, 0.142134}
{0.260116, 0.303407, 0.563523}
{0.465371, 0.519645, 0.985016}
{0.667429, 0.738669, 1.406098}
{0.866183, 0.960373, 1.826555}
{1.061537, 1.184660, 2.246197}
{1.253400, 1.411437, 2.664837}
{1.441685, 1.640613, 3.082298}
{1.626307, 1.872102, 3.498409}
{1.807185, 2.105817, 3.913002}
{1.984247, 2.341674, 4.325920}
{2.157422, 2.579591, 4.737013}
{2.326647, 2.819492, 5.146139}
{2.491867, 3.061298, 5.553165}
{2.653032, 3.304937, 5.957969}
{2.810102, 3.550337, 6.360439}
{2.963044, 3.797430, 6.760474}
{3.111836, 4.046149, 7.157985}
{3.256461, 4.296432, 7.552893}
{3.396915, 4.548216, 7.945131}
{3.533203, 4.801442, 8.334645}
{3.665336, 5.056055, 8.721392}
{3.793338, 5.312001, 9.105339}
{3.917241, 5.569226, 9.486467}
{4.037084, 5.827682, 9.864767}
{4.152917, 6.087321, 10.240238}
{4.264796, 6.348096, 10.612892}
{4.372785, 6.609964, 10.982749}
{4.476954, 6.872883, 11.349837}
{4.577381, 7.136813, 11.714193}
{4.674146, 7.401714, 12.075861}
{4.767338, 7.667552, 12.434890}
{4.857047, 7.934289, 12.791336}
{4.943367, 8.201893, 13.145260}
{5.026395, 8.470331, 13.496727}
{5.106231, 8.739573, 13.845804}
{5.182974, 9.009588, 14.192562}
{5.256726, 9.280348, 14.537074}
{5.327587, 9.551826, 14.879414}
{5.395660, 9.823997, 15.219657}
{5.461045, 10.096835, 15.557880}
{5.523841, 10.370317, 15.894158}
{5.584147, 10.644419, 16.228566}
{5.642058, 10.919121, 16.561179}
{5.697670, 11.194400, 16.892070}
{5.751074, 11.470238, 17.221311}
{5.802359, 11.746614, 17.548973}
{5.851614, 12.023511, 17.875125}
{5.898923, 12.300910, 18.199834}
{5.944368, 12.578796, 18.523163}
{5.988027, 12.857150, 18.845178}
{0.051929, 0.090194, 0.142123}
{0.260299, 0.303190, 0.563489}
{0.465972, 0.519024, 0.984996}
{0.668704, 0.737452, 1.406156}
{0.868401, 0.958382, 1.826783}
{1.064982, 1.181729, 2.246711}
{1.258365, 1.407414, 2.665779}
{1.448476, 1.635359, 3.083835}
{1.635240, 1.865487, 3.500727}
{1.818588, 2.097723, 3.916311}
{1.998451, 2.331996, 4.330447}
{2.174768, 2.568233, 4.743001}
{2.347480, 2.806365, 5.153846}
{2.516535, 3.046327, 5.562862}
{2.681883, 3.288051, 5.969935}
{2.843484, 3.531476, 6.374961}
{3.001302, 3.776541, 6.777843}
{3.155307, 4.023185, 7.178492}
{3.305478, 4.271352, 7.576830}
{3.451799, 4.520986, 7.972786}
{3.594263, 4.772035, 8.366298}
{3.732869, 5.024447, 8.757316}
{3.867624, 5.278172, 9.145796}
{3.998542, 5.533164, 9.531706}
{4.125646, 5.789376, 9.915021}
{4.248963, 6.046763, 10.295726}
{4.368529, 6.305284, 10.673814}
{4.484387, 6.564898, 11.049285}
{4.596585, 6.825566, 11.422151}
{4.705176, 7.087250, 11.792426}
{4.810221, 7.349913, 12.160134}
{4.911784, 7.613521, 12.525305}
{5.009933, 7.878041, 12.887974}
{5.104743, 8.143440, 13.248183}
{5.196288, 8.409688, 13.605976}
{5.284649, 8.676755, 13.961404}
{5.369906, 8.944613, 14.314519}
{5.452144, 9.213234, 14.665378}
{5.531447, 9.482593, 15.014040}
{5.607901, 9.752664, 15.360565}
{5.681594, 10.023422, 15.705016}
{5.752611, 10.294846, 16.047457}
{5.821039, 10.566912, 16.387951}
{5.886965, 10.839599, 16.726564}
{5.950474, 11.112887, 17.063361}
{6.011650, 11.386755, 17.398406}
{6.070577, 11.661185, 17.731762}
{6.127335, 11.936159, 18.063494}
{6.182004, 12.211659, 18.393664}
{6.234663, 12.487669, 18.722332}
{6.285388, 12.764171, 19.049559}
{0.051935, 0.090178, 0.142113}
{0.260456, 0.303003, 0.563459}
{0.466487, 0.518487, 0.984975}
{0.669796, 0.736400, 1.406196}
{0.870300, 0.956657, 1.826956}
{1.067925, 1.179186, 2.247111}
{1.262604, 1.403917, 2.666521}
{1.454268, 1.630782, 3.085050}
{1.642854, 1.859715, 3.502569}
{1.828298, 2.090649, 3.918947}
{2.010542, 2.323521, 4.334063}
{2.189527, 2.558269, 4.747796}
{2.365201, 2.794831, 5.160032}
{2.537515, 3.033148, 5.570662}
{2.706422, 3.273161, 5.979583}
{2.871881, 3.514816, 6.386697}
{3.033856, 3.758056, 6.791912}
{3.192316, 4.002829, 7.195145}
{3.347235, 4.249083, 7.596317}
{3.498591, 4.496768, 7.995359}
{3.646370, 4.745836, 8.392206}
{3.790562, 4.996241, 8.786803}
{3.931165, 5.247937, 9.179102}
{4.068181, 5.500880, 9.569061}
{4.201619, 5.755029, 9.956647}
{4.331493, 6.010342, 10.341835}
{4.457823, 6.266781, 10.724604}
{4.580637, 6.524307, 11.104943}
{4.699964, 6.782883, 11.482847}
{4.815843, 7.042476, 11.858319}
{4.928314, 7.303050, 12.231364}
{5.037425, 7.564574, 12.601999}
{5.143226, 7.827014, 12.970240}
{5.245772, 8.090342, 13.336115}
{5.345122, 8.354528, 13.699650}
{5.441338, 8.619544, 14.060881}
{5.534484, 8.885362, 14.419845}
{5.624627, 9.151956, 14.776584}
{5.711838, 9.419302, 15.131141}
{5.796188, 9.687375, 15.483563}
{5.877749, 9.956152, 15.833901}
{5.956595, 10.225610, 16.182205}
{6.032800, 10.495728, 16.528528}
{6.106440, 10.766484, 16.872924}
{6.177590, 11.037859, 17.215449}
{6.246325, 11.309834, 17.556159}
{6.312719, 11.582389, 17.895108}
{6.376846, 11.855507, 18.232353}
{6.438780, 12.129171, 18.567951}
{6.498592, 12.403364, 18.901956}
{6.556355, 12.678069, 19.234424}
{0.051941, 0.090164, 0.142105}
{0.260593, 0.302840, 0.563432}
{0.466935, 0.518019, 0.984954}
{0.670742, 0.735480, 1.406222}
{0.871942, 0.955147, 1.827089}
{1.070469, 1.176957, 2.247427}
{1.266264, 1.400848, 2.667112}
{1.459266, 1.626760, 3.086026}
{1.649418, 1.854635, 3.504053}
{1.836665, 2.084414, 3.921079}
{2.020953, 2.316041, 4.336994}
{2.202231, 2.549460, 4.751691}
{2.380449, 2.784618, 5.165068}
{2.555563, 3.021461, 5.577024}
{2.727529, 3.259937, 5.987466}
{2.896307, 3.499996, 6.396303}
{3.061863, 3.741589, 6.803452}
{3.224163, 3.984667, 7.208831}
{3.383181, 4.229185, 7.612366}
{3.538892, 4.475097, 8.013989}
{3.691277, 4.722359, 8.413636}
{3.840322, 4.970928, 8.811250}
{3.986017, 5.220764, 9.206781}
{4.128357, 5.471825, 9.600182}
{4.267342, 5.724074, 9.991416}
{4.402976, 5.977473, 10.380449}
{4.535269, 6.231985, 10.767254}
{4.664235, 6.487575, 11.151810}
{4.789894, 6.744209, 11.534103}
{4.912269, 7.001854, 11.914124}
{5.031389, 7.260479, 12.291868}
{5.147285, 7.520053, 12.667338}
{5.259994, 7.780545, 13.040539}
{5.369557, 8.041928, 13.411485}
{5.476017, 8.304174, 13.780191}
{5.579422, 8.567255, 14.146677}
{5.679822, 8.831147, 14.510969}
{5.777271, 9.095823, 14.873094}
{5.871824, 9.361261, 15.233085}
{5.963538, 9.627437, 15.590975}
{6.052474, 9.894327, 15.946802}
{6.138693, 10.161912, 16.300605}
{6.222258, 10.430169, 16.652428}
{6.303233, 10.699079, 17.002312}
{6.381682, 10.968622, 17.350304}
{6.457670, 11.238780, 17.696450}
{6.531264, 11.509533, 18.040797}
{6.602528, 11.780865, 18.383393}
{6.671529, 12.052759, 18.724288}
{6.738331, 12.325198, 19.063529}
{6.802999, 12.598167, 19.401166}
{0.051946, 0.090152, 0.142098}
{0.260712, 0.302696, 0.563409}
{0.467326, 0.517608, 0.984934}
{0.671570, 0.734670, 1.406240}
{0.873377, 0.953816, 1.827193}
{1.072690, 1.174989, 2.247679}
{1.269456, 1.398134, 2.667590}
{1.463621, 1.623199, 3.086820}
{1.655135, 1.850131, 3.505266}
{1.843948, 2.078878, 3.922825}
{2.030010, 2.309390, 4.339401}
{2.213277, 2.541618, 4.754895}
{2.393703, 2.775514, 5.169216}
{2.571246, 3.011028, 5.582274}
{2.745866, 3.248116, 5.993982}
{2.917526, 3.486732, 6.404258}
{3.086192, 3.726831, 6.813022}
{3.251831, 3.968369, 7.220200}
{3.414416, 4.211306, 7.625722}
{3.573922, 4.455598, 8.029521}
{3.730328, 4.701208, 8.431535}
{3.883615, 4.948094, 8.831709}
{4.033769, 5.196221, 9.229990}
{4.180782, 5.445550, 9.626332}
{4.324646, 5.696046, 10.020692}
{4.465359, 5.947674, 10.413033}
{4.602924, 6.200401, 10.803325}
{4.737347, 6.454194, 11.191540}
{4.868636, 6.709021, 11.577657}
{4.996807, 6.964852, 11.961659}
{5.121876, 7.221656, 12.343533}
{5.243867, 7.479406, 12.723272}
{5.362803, 7.738072, 13.100875}
{5.478713, 7.997629, 13.476342}
{5.591631, 8.258049, 13.849680}
{5.701590, 8.519308, 14.220898}
{5.808630, 8.781381, 14.590011}
{5.912792, 9.044243, 14.957035}
{6.014118, 9.307874, 15.321992}
{6.112657, 9.572249, 15.684905}
{6.208454, 9.837347, 16.045802}
{6.301562, 10.103148, 16.404711}
{6.392032, 10.369632, 16.761664}
{6.479917, 10.636779, 17.116695}
{6.565271, 10.904570, 17.469841}
{6.648151, 11.172987, 17.821138}
{6.728612, 11.442012, 18.170625}
{6.806713, 11.711629, 18.518342}
{6.882510, 11.981820, 18.864330}
{6.956062, 12.252570, 19.208632}
{7.027425, 12.523864, 19.551289}
{0.051950, 0.090141, 0.142091}
{0.260818, 0.302569, 0.563387}
{0.467671, 0.517243, 0.984914}
{0.672299, 0.733951, 1.406250}
{0.874641, 0.952633, 1.827274}
{1.074646, 1.173238, 2.247883}
{1.272264, 1.395717, 2.667982}
{1.467451, 1.620023, 3.087474}
{1.660158, 1.846109, 3.506268}
{1.850342, 2.073930, 3.924272}
{2.037959, 2.303439, 4.341398}
{2.222967, 2.534593, 4.757560}
{2.405325, 2.767348, 5.172672}
{2.584994, 3.001660, 5.586654}
{2.761937, 3.237489, 5.999426}
{2.936120, 3.474793, 6.410913}
{3.107509, 3.713531, 6.821041}
{3.276074, 3.953665, 7.229740}
{3.441788, 4.195156, 7.636944}
{3.604625, 4.437966, 8.042590}
{3.764562, 4.682059, 8.446621}
{3.921581, 4.927398, 8.848979}
{4.075664, 5.173950, 9.249614}
{4.226799, 5.421681, 9.648480}
{4.374976, 5.670556, 10.045532}
{4.520188, 5.920545, 10.440732}
{4.662431, 6.171615, 10.834046}
{4.801705, 6.423738, 11.225443}
{4.938015, 6.676882, 11.614896}
{5.071365, 6.931020, 12.002385}
{5.201767, 7.186123, 12.387890}
{5.329234, 7.442165, 12.771399}
{5.453783, 7.699119, 13.152902}
{5.575432, 7.956960, 13.532392}
{5.694205, 8.215663, 13.909868}
{5.810128, 8.475204, 14.285332}
{5.923229, 8.735560, 14.658789}
{6.033539, 8.996708, 15.030247}
{6.141093, 9.258627, 15.399719}
{6.245925, 9.521294, 15.767219}
{6.348075, 9.784691, 16.132766}
{6.447583, 10.048796, 16.496378}
{6.544491, 10.313590, 16.858081}
{6.638842, 10.579055, 17.217897}
{6.730683, 10.845172, 17.575856}
{6.820060, 11.111924, 17.931985}
{6.907021, 11.379294, 18.286316}
{6.991615, 11.647266, 18.638880}
{7.073891, 11.915822, 18.989713}
{7.153900, 12.184948, 19.338847}
{7.231692, 12.454628, 19.686320}
{0.051954, 0.090132, 0.142086}
{0.260912, 0.302456, 0.563368}
{0.467979, 0.516917, 0.984895}
{0.672948, 0.733308, 1.406256}
{0.875764, 0.951574, 1.827338}
{1.076380, 1.171670, 2.248050}
{1.274754, 1.393551, 2.668305}
{1.470843, 1.617174, 3.088017}
{1.664606, 1.842498, 3.507104}
{1.856001, 2.069481, 3.925482}
{2.044990, 2.298083, 4.343073}
{2.231534, 2.528264, 4.759798}
{2.415596, 2.759983, 5.175580}
{2.597141, 2.993203, 5.590344}
{2.776133, 3.227885, 6.004018}
{2.952540, 3.463992, 6.416533}
{3.126332, 3.701487, 6.827820}
{3.297480, 3.940335, 7.237815}
{3.465955, 4.180500, 7.646455}
{3.631735, 4.421948, 8.053682}
{3.794795, 4.664645, 8.459440}
{3.955116, 4.908559, 8.863675}
{4.112680, 5.153657, 9.266337}
{4.267472, 5.399908, 9.667381}
{4.419480, 5.647282, 10.066762}
{4.568693, 5.895750, 10.464442}
{4.715104, 6.145281, 10.860384}
{4.858709, 6.395847, 11.254557}
{4.999508, 6.647422, 11.646930}
{5.137500, 6.899979, 12.037479}
{5.272691, 7.153490, 12.426181}
{5.405087, 7.407932, 12.813020}
{5.534699, 7.663279, 13.197979}
{5.661540, 7.919508, 13.581047}
{5.785623, 8.176594, 13.962217}
{5.906969, 8.434516, 14.341484}
{6.025596, 8.693251, 14.718847}
{6.141529, 8.952778, 15.094307}
{6.254793, 9.213076, 15.467869}
{6.365416, 9.474125, 15.839541}
{6.473427, 9.735905, 16.209332}
{6.578858, 9.998398, 16.577256}
{6.681744, 10.261584, 16.943328}
{6.782120, 10.525445, 17.307565}
{6.880022, 10.789965, 17.669988}
{6.975491, 11.055127, 18.030617}
{7.068565, 11.320912, 18.389477}
{7.159286, 11.587307, 18.746593}
{7.247696, 11.854295, 19.101991}
{7.333839, 12.121861, 19.455700}
{7.417758, 12.389991, 19.807748}
{0.051957, 0.090123, 0.142081}
{0.260996, 0.302354, 0.563351}
{0.468253, 0.516624, 0.984877}
{0.673527, 0.732730, 1.406258}
{0.876767, 0.950622, 1.827389}
{1.077930, 1.170258, 2.248187}
{1.276977, 1.391598, 2.668574}
{1.473870, 1.614604, 3.088473}
{1.668571, 1.839237, 3.507808}
{1.861044, 2.065461, 3.926505}
{2.051253, 2.293238, 4.344491}
{2.239162, 2.522533, 4.761695}
{2.424738, 2.753309, 5.178047}
{2.607948, 2.985531, 5.593478}
{2.788759, 3.219164, 6.007924}
{2.967143, 3.454176, 6.421318}
{3.143068, 3.690531, 6.833599}
{3.316509, 3.928197, 7.244706}
{3.487439, 4.167142, 7.654581}
{3.655834, 4.407335, 8.063169}
{3.821672, 4.648744, 8.470417}
{3.984933, 4.891340, 8.876273}
{4.145597, 5.135093, 9.280690}
{4.303650, 5.379973, 9.683623}
{4.459076, 5.625954, 10.085030}
{4.611864, 5.873006, 10.484870}
{4.762005, 6.121103, 10.883108}
{4.909491, 6.370219, 11.279710}
{5.054317, 6.620328, 11.674646}
{5.196482, 6.871406, 12.067888}
{5.335985, 7.123427, 12.459411}
{5.472828, 7.376367, 12.849195}
{5.607016, 7.630205, 13.237221}
{5.738557, 7.884917, 13.623474}
{5.867461, 8.140481, 14.007942}
{5.993739, 8.396875, 14.390614}
{6.117406, 8.654080, 14.771485}
{6.238478, 8.912073, 15.150552}
{6.356974, 9.170837, 15.527811}
{6.472916, 9.430351, 15.903267}
{6.586325, 9.690597, 16.276922}
{6.697227, 9.951557, 16.648784}
{6.805649, 10.213212, 17.018861}
{6.911618, 10.475546, 17.387164}
{7.015165, 10.738542, 17.753707}
{7.116322, 11.002183, 18.118505}
{7.215122, 11.266454, 18.481576}
{7.311598, 11.531340, 18.842937}
{7.405786, 11.796824, 19.202611}
{7.497724, 12.062893, 19.560617}
{7.587448, 12.329533, 19.916981}
{0.051960, 0.090115, 0.142076}
{0.261072, 0.302263, 0.563335}
{0.468501, 0.516359, 0.984860}
{0.674049, 0.732208, 1.406257}
{0.877669, 0.949761, 1.827429}
{1.079322, 1.168980, 2.248301}
{1.278972, 1.389829, 2.668801}
{1.476586, 1.612273, 3.088859}
{1.672128, 1.836278, 3.508406}
{1.865565, 2.061809, 3.927375}
{2.056865, 2.288834, 4.345700}
{2.245996, 2.517319, 4.763315}
{2.432925, 2.747232, 5.180157}
{2.617623, 2.978540, 5.596163}
{2.800061, 3.211211, 6.011272}
{2.980209, 3.445216, 6.425425}
{3.158041, 3.680522, 6.838563}
{3.333532, 3.917099, 7.250631}
{3.506655, 4.154919, 7.661575}
{3.677389, 4.393953, 8.071342}
{3.845711, 4.634171, 8.479882}
{4.011602, 4.875545, 8.887147}
{4.175042, 5.118049, 9.293092}
{4.336016, 5.361656, 9.697672}
{4.494508, 5.606340, 10.100847}
{4.650505, 5.852074, 10.502579}
{4.803997, 6.098833, 10.902830}
{4.954973, 6.346594, 11.301567}
{5.103427, 6.595333, 11.698759}
{5.249353, 6.845025, 12.094378}
{5.392749, 7.095648, 12.488397}
{5.533614, 7.347179, 12.880793}
{5.671948, 7.599597, 13.271545}
{5.807755, 7.852881, 13.660636}
{5.941040, 8.107010, 14.048049}
{6.071810, 8.361963, 14.433773}
{6.200075, 8.617721, 14.817796}
{6.325846, 8.874264, 15.200110}
{6.449137, 9.131574, 15.580711}
{6.569962, 9.389632, 15.959594}
{6.688339, 9.648421, 16.336761}
{6.804287, 9.907924, 16.712211}
{6.917827, 10.168122, 17.085949}
{7.028981, 10.429000, 17.457981}
{7.137772, 10.690543, 17.828315}
{7.244227, 10.952733, 18.196960}
{7.348372, 11.215556, 18.563928}
{7.450236, 11.478996, 18.929232}
{7.549847, 11.743041, 19.292888}
{7.647237, 12.007675, 19.654912}
{7.742437, 12.272884, 20.015321}
{0.051963, 0.090108, 0.142072}
{0.261141, 0.302179, 0.563320}
{0.468725, 0.516119, 0.984844}
{0.674521, 0.731734, 1.406254}
{0.878484, 0.948978, 1.827462}
{1.080579, 1.167817, 2.248396}
{1.280774, 1.388218, 2.668993}
{1.479037, 1.610150, 3.089187}
{1.675337, 1.833580, 3.508917}
{1.869642, 2.058479, 3.928121}
{2.061924, 2.284814, 4.346738}
{2.252152, 2.512557, 4.764709}
{2.440299, 2.741676, 5.181975}
{2.626334, 2.972144, 5.598478}
{2.810233, 3.203930, 6.014162}
{2.991967, 3.437006, 6.428973}
{3.171513, 3.671343, 6.842856}
{3.348844, 3.906915, 7.255760}
{3.523939, 4.143694, 7.667633}
{3.696774, 4.381653, 8.078427}
{3.867330, 4.620766, 8.488096}
{4.035586, 4.861006, 8.896592}
{4.201524, 5.102350, 9.303873}
{4.365127, 5.344771, 9.709898}
{4.526380, 5.588245, 10.114625}
{4.685270, 5.832749, 10.518019}
{4.841784, 6.078259, 10.920043}
{4.995911, 6.324752, 11.320663}
{5.147644, 6.572206, 11.719850}
{5.296974, 6.820598, 12.117572}
{5.443897, 7.069908, 12.513805}
{5.588408, 7.320115, 12.908523}
{5.730507, 7.571197, 13.301704}
{5.870193, 7.823135, 13.693328}
{6.007468, 8.075910, 14.083378}
{6.142336, 8.329501, 14.471837}
{6.274802, 8.583891, 14.858693}
{6.404874, 8.839061, 15.243935}
{6.532560, 9.094993, 15.627553}
{6.657871, 9.351670, 16.009542}
{6.780821, 9.609076, 16.389896}
{6.901422, 9.867192, 16.768614}
{7.019690, 10.126004, 17.145694}
{7.135644, 10.385495, 17.521139}
{7.249301, 10.645651, 17.894951}
{7.360682, 10.906455, 18.267137}
{7.469808, 11.167894, 18.637702}
{7.576703, 11.429953, 19.006656}
{7.681391, 11.692618, 19.374009}
{7.783897, 11.955875, 19.739772}
{7.884247, 12.219712, 20.103959}
{0.051966, 0.090102, 0.142068}
{0.261203, 0.302104, 0.563307}
{0.468928, 0.515900, 0.984829}
{0.674949, 0.731301, 1.406250}
{0.879224, 0.948263, 1.827487}
{1.081721, 1.166755, 2.248476}
{1.282409, 1.386746, 2.669156}
{1.481261, 1.608208, 3.089469}
{1.678246, 1.831112, 3.509357}
{1.873337, 2.055428, 3.928765}
{2.066507, 2.281130, 4.347637}
{2.257728, 2.508189, 4.765917}
{2.446973, 2.736578, 5.183552}
{2.634218, 2.966270, 5.600488}
{2.819436, 3.197238, 6.016674}
{3.002603, 3.429456, 6.432059}
{3.183695, 3.662897, 6.846592}
{3.362689, 3.897537, 7.260226}
{3.539563, 4.133350, 7.672914}
{3.714297, 4.370312, 8.084609}
{3.886870, 4.608397, 8.495266}
{4.057262, 4.847582, 8.904844}
{4.225457, 5.087843, 9.313300}
{4.391438, 5.329158, 9.720596}
{4.555190, 5.571503, 10.126692}
{4.716697, 5.814856, 10.531553}
{4.875948, 6.059196, 10.935144}
{5.032932, 6.304501, 11.337432}
{5.187638, 6.550749, 11.738387}
{5.340058, 6.797922, 12.137979}
{5.490185, 7.045997, 12.536182}
{5.638014, 7.294956, 12.932970}
{5.783540, 7.544780, 13.328320}
{5.926762, 7.795448, 13.722211}
{6.067679, 8.046944, 14.114623}
{6.206292, 8.299248, 14.505540}
{6.342603, 8.552343, 14.894946}
{6.476616, 8.806212, 15.282828}
{6.608336, 9.060838, 15.669174}
{6.737772, 9.316204, 16.053976}
{6.864931, 9.572294, 16.437225}
{6.989823, 9.829093, 16.818916}
{7.112461, 10.086584, 17.199045}
{7.232857, 10.344753, 17.577610}
{7.351026, 10.603586, 17.954612}
{7.466983, 10.863067, 18.330050}
{7.580747, 11.123182, 18.703929}
{7.692334, 11.383919, 19.076253}
{7.801765, 11.645263, 19.447028}
{7.909061, 11.907202, 19.816263}
{8.014243, 12.169722, 20.183965}
{0.051968, 0.090096, 0.142064}
{0.261261, 0.302034, 0.563295}
{0.469114, 0.515700, 0.984814}
{0.675341, 0.730904, 1.406245}
{0.879900, 0.947608, 1.827508}
{1.082762, 1.165781, 2.248543}
{1.283900, 1.385396, 2.669296}
{1.483286, 1.606426, 3.089712}
{1.680895, 1.828844, 3.509739}
{1.876701, 2.052624, 3.929325}
{2.070677, 2.277741, 4.348419}
{2.262800, 2.504169, 4.766969}
{2.453044, 2.731883, 5.184927}
{2.641385, 2.960858, 5.602243}
{2.827801, 3.191068, 6.018869}
{3.012267, 3.422490, 6.434758}
{3.194763, 3.655100, 6.849863}
{3.375265, 3.888874, 7.264139}
{3.553754, 4.123789, 7.677543}
{3.730209, 4.359821, 8.090031}
{3.904612, 4.596949, 8.501561}
{4.076944, 4.835149, 8.912093}
{4.247187, 5.074400, 9.321587}
{4.415327, 5.314680, 9.730007}
{4.581346, 5.555969, 10.137315}
{4.745232, 5.798244, 10.543477}
{4.906972, 6.041487, 10.948459}
{5.066553, 6.285676, 11.352229}
{5.223965, 6.530793, 11.754758}
{5.379199, 6.776817, 12.156016}
{5.532247, 7.023730, 12.555977}
{5.683102, 7.271513, 12.954615}
{5.831758, 7.520149, 13.351907}
{5.978212, 7.769618, 13.747830}
{6.122461, 8.019905, 14.142366}
{6.264503, 8.270991, 14.535494}
{6.404339, 8.522860, 14.927199}
{6.541970, 8.775496, 15.317466}
{6.677399, 9.028881, 15.706281}
{6.810630, 9.283002, 16.093632}
{6.941669, 9.537842, 16.479511}
{7.070523, 9.793386, 16.863909}
{7.197199, 10.049620, 17.246819}
{7.321708, 10.306529, 17.628237}
{7.444061, 10.564098, 18.008159}
{7.564269, 10.822316, 18.386584}
{7.682346, 11.081166, 18.763512}
{7.798306, 11.340638, 19.138944}
{7.912166, 11.600717, 19.512883}
{8.023941, 11.861391, 19.885333}
{8.133651, 12.122649, 20.256299}
{0.051970, 0.090091, 0.142061}
{0.261313, 0.301971, 0.563283}
{0.469285, 0.515516, 0.984801}
{0.675699, 0.730540, 1.406239}
{0.880518, 0.947006, 1.827524}
{1.083715, 1.164885, 2.248600}
{1.285264, 1.384153, 2.669416}
{1.485139, 1.604784, 3.089923}
{1.683318, 1.826754, 3.510071}
{1.879775, 2.050038, 3.929814}
{2.074488, 2.274615, 4.349103}
{2.267433, 2.500458, 4.767891}
{2.458588, 2.727546, 5.186134}
{2.647930, 2.955855, 5.603784}
{2.835436, 3.185362, 6.020798}
{3.021087, 3.416044, 6.437131}
{3.204861, 3.647881, 6.852741}
{3.386737, 3.880848, 7.267585}
{3.566697, 4.114925, 7.681622}
{3.744720, 4.350091, 8.094811}
{3.920790, 4.586324, 8.507114}
{4.094888, 4.823604, 8.918492}
{4.266998, 5.061909, 9.328908}
{4.437105, 5.301221, 9.738326}
{4.605193, 5.541518, 10.146711}
{4.771248, 5.782783, 10.554031}
{4.935257, 6.024995, 10.960252}
{5.097209, 6.268135, 11.365344}
{5.257093, 6.512186, 11.769279}
{5.414898, 6.757129, 12.172027}
{5.570616, 7.002946, 12.573562}
{5.724239, 7.249620, 12.973858}
{5.875760, 7.497133, 13.372894}
{6.025175, 7.745469, 13.770645}
{6.172480, 7.994612, 14.167091}
{6.317670, 8.244544, 14.562214}
{6.460745, 8.495251, 14.955996}
{6.601704, 8.746716, 15.348419}
{6.740547, 8.998924, 15.739471}
{6.877277, 9.251861, 16.129138}
{7.011897, 9.505511, 16.517408}
{7.144410, 9.759861, 16.904271}
{7.274823, 10.014896, 17.289719}
{7.403142, 10.270603, 17.673745}
{7.529376, 10.526967, 18.056343}
{7.653533, 10.783977, 18.437509}
{7.775623, 11.041618, 18.817241}
{7.895657, 11.299879, 19.195536}
{8.013649, 11.558746, 19.572395}
{8.129611, 11.818209, 19.947820}
{8.243558, 12.078254, 20.321813}
{0.051972, 0.090086, 0.142058}
{0.261361, 0.301912, 0.563273}
{0.469442, 0.515346, 0.984788}
{0.676029, 0.730204, 1.406233}
{0.881087, 0.946450, 1.827537}
{1.084591, 1.164057, 2.248648}
{1.286517, 1.383004, 2.669520}
{1.486841, 1.603266, 3.090107}
{1.685542, 1.824821, 3.510362}
{1.882597, 2.047646, 3.930243}
{2.077984, 2.271720, 4.349704}
{2.271683, 2.497021, 4.768704}
{2.463671, 2.723527, 5.187198}
{2.653928, 2.951216, 5.605144}
{2.842433, 3.180068, 6.022502}
{3.029167, 3.410062, 6.439229}
{3.214110, 3.641177, 6.855287}
{3.397243, 3.873391, 7.270634}
{3.578547, 4.106686, 7.685234}
{3.758005, 4.341042, 8.099047}
{3.935599, 4.576438, 8.512037}
{4.111313, 4.812855, 8.924168}
{4.285130, 5.050274, 9.335404}
{4.457036, 5.288677, 9.745712}
{4.627016, 5.528044, 10.155059}
{4.795056, 5.768358, 10.563413}
{4.961143, 6.009600, 10.970743}
{5.125266, 6.251753, 11.377019}
{5.287413, 6.494799, 11.782212}
{5.447574, 6.738722, 12.186297}
{5.605741, 6.983505, 12.589245}
{5.761903, 7.229130, 12.991034}
{5.916056, 7.475582, 13.391638}
{6.068191, 7.722846, 13.791037}
{6.218304, 7.970904, 14.189208}
{6.366390, 8.219743, 14.586133}
{6.512447, 8.469346, 14.981794}
{6.656473, 8.719700, 15.376173}
{6.798466, 8.970789, 15.769255}
{6.938426, 9.222600, 16.161025}
{7.076355, 9.475117, 16.551472}
{7.212254, 9.728329, 16.940584}
{7.346128, 9.982221, 17.328349}
{7.477981, 10.236780, 17.714761}
{7.607817, 10.491994, 18.099811}
{7.735644, 10.747849, 18.483493}
{7.861469, 11.004334, 18.865803}
{7.985300, 11.261436, 19.246736}
{8.107148, 11.519143, 19.626290}
{8.227022, 11.777443, 20.004465}
{8.344935, 12.036326, 20.381261}
{0.051974, 0.090081, 0.142055}
{0.261406, 0.301858, 0.563263}
{0.469586, 0.515189, 0.984776}
{0.676333, 0.729893, 1.406226}
{0.881612, 0.945935, 1.827547}
{1.085399, 1.163291, 2.248690}
{1.287671, 1.381939, 2.669611}
{1.488409, 1.601859, 3.090268}
{1.687590, 1.823028, 3.510618}
{1.885195, 2.045426, 3.930621}
{2.081203, 2.269033, 4.350236}
{2.275594, 2.493829, 4.769422}
{2.468348, 2.719792, 5.188140}
{2.659445, 2.946905, 5.606350}
{2.848868, 3.175145, 6.024013}
{3.036596, 3.404496, 6.441092}
{3.222613, 3.634935, 6.857548}
{3.406899, 3.866446, 7.273345}
{3.589437, 4.099009, 7.688446}
{3.770211, 4.332605, 8.102816}
{3.949204, 4.567216, 8.516420}
{4.126400, 4.802824, 8.929224}
{4.301784, 5.039410, 9.341194}
{4.475341, 5.276959, 9.752299}
{4.647057, 5.515450, 10.162508}
{4.816920, 5.754869, 10.571789}
{4.984915, 5.995198, 10.980113}
{5.151032, 6.236419, 11.387452}
{5.315259, 6.478518, 11.793777}
{5.477586, 6.721478, 12.199064}
{5.638004, 6.965282, 12.603286}
{5.796504, 7.209916, 13.006419}
{5.953077, 7.455363, 13.408440}
{6.107717, 7.701610, 13.809327}
{6.260419, 7.948641, 14.209060}
{6.411176, 8.196441, 14.607617}
{6.559985, 8.444997, 15.004982}
{6.706842, 8.694294, 15.401136}
{6.851745, 8.944319, 15.796064}
{6.994693, 9.195057, 16.189750}
{7.135685, 9.446496, 16.582181}
{7.274722, 9.698623, 16.973345}
{7.411805, 9.951424, 17.363230}
{7.546938, 10.204888, 17.751826}
{7.680122, 10.459002, 18.139124}
{7.811363, 10.713753, 18.525117}
{7.940666, 10.969131, 18.909797}
{8.068038, 11.225123, 19.293161}
{8.193485, 11.481718, 19.675202}
{8.317015, 11.738904, 20.055919}
{8.438638, 11.996672, 20.435310}
{0.051976, 0.090077, 0.142053}
{0.261447, 0.301807, 0.563254}
{0.469721, 0.515044, 0.984764}
{0.676615, 0.729604, 1.406219}
{0.882097, 0.945457, 1.827554}
{1.086146, 1.162579, 2.248725}
{1.288739, 1.380951, 2.669690}
{1.489859, 1.600551, 3.090409}
{1.689484, 1.821361, 3.510844}
{1.887596, 2.043361, 3.930957}
{2.084176, 2.266532, 4.350708}
{2.279205, 2.490856, 4.770061}
{2.472665, 2.716314, 5.188979}
{2.664538, 2.942886, 5.607424}
{2.854805, 3.170555, 6.025360}
{3.043450, 3.399303, 6.442753}
{3.230455, 3.629111, 6.859566}
{3.415803, 3.859962, 7.275764}
{3.599477, 4.091838, 7.691315}
{3.781463, 4.324721, 8.106184}
{3.961744, 4.558594, 8.520338}
{4.140304, 4.793441, 8.933746}
{4.317131, 5.029245, 9.346375}
{4.492208, 5.265988, 9.758196}
{4.665524, 5.503656, 10.169179}
{4.837064, 5.742230, 10.579294}
{5.006817, 5.981697, 10.988514}
{5.174771, 6.222039, 11.396810}
{5.340915, 6.463242, 11.804157}
{5.505239, 6.705290, 12.210529}
{5.667732, 6.948169, 12.615901}
{5.828387, 7.191863, 13.020250}
{5.987195, 7.436359, 13.423553}
{6.144148, 7.681641, 13.825789}
{6.299240, 7.927696, 14.226936}
{6.452465, 8.174511, 14.626976}
{6.603819, 8.422070, 15.025889}
{6.753296, 8.670362, 15.423658}
{6.900894, 8.919373, 15.820267}
{7.046610, 9.169090, 16.215701}
{7.190443, 9.419501, 16.609944}
{7.332391, 9.670592, 17.002984}
{7.472456, 9.922353, 17.394808}
{7.610636, 10.174770, 17.785406}
{7.746936, 10.427832, 18.174768}
{7.881356, 10.681528, 18.562884}
{8.013902, 10.935846, 18.949747}
{8.144576, 11.190774, 19.335350}
{8.273384, 11.446303, 19.719687}
{8.400333, 11.702421, 20.102754}
{8.525429, 11.959117, 20.484546}
{0.051977, 0.090073, 0.142051}
{0.261485, 0.301760, 0.563246}
{0.469845, 0.514908, 0.984753}
{0.676876, 0.729336, 1.406212}
{0.882548, 0.945012, 1.827560}
{1.086839, 1.161917, 2.248755}
{1.289730, 1.380029, 2.669759}
{1.491203, 1.599332, 3.090535}
{1.691239, 1.819807, 3.511045}
{1.889820, 2.041435, 3.931255}
{2.086929, 2.264199, 4.351129}
{2.282549, 2.488082, 4.770631}
{2.476662, 2.713065, 5.189728}
{2.669251, 2.939132, 5.608384}
{2.860300, 3.166266, 6.026566}
{3.049791, 3.394448, 6.444240}
{3.237710, 3.623663, 6.861373}
{3.424039, 3.853894, 7.277933}
{3.608763, 4.085124, 7.693887}
{3.791867, 4.317337, 8.109205}
{3.973337, 4.550517, 8.523854}
{4.153158, 4.784647, 8.937806}
{4.331316, 5.019713, 9.351029}
{4.507798, 5.255698, 9.763495}
{4.682590, 5.492586, 10.175176}
{4.855680, 5.730364, 10.586045}
{5.027057, 5.969016, 10.996073}
{5.196708, 6.208526, 11.405235}
{5.364623, 6.448882, 11.813505}
{5.530792, 6.690067, 12.220859}
{5.695205, 6.932069, 12.627273}
{5.857853, 7.174872, 13.032725}
{6.018727, 7.418464, 13.437191}
{6.177821, 7.662831, 13.840652}
{6.335127, 7.907959, 14.243085}
{6.490638, 8.153835, 14.644473}
{6.644350, 8.400447, 15.044797}
{6.796257, 8.647782, 15.444039}
{6.946355, 8.895827, 15.842182}
{7.094640, 9.144571, 16.239211}
{7.241112, 9.394000, 16.635111}
{7.385766, 9.644103, 17.029869}
{7.528603, 9.894869, 17.423472}
{7.669621, 10.146286, 17.815907}
{7.808822, 10.398342, 18.207164}
{7.946207, 10.651027, 18.597234}
{8.081777, 10.904330, 18.986107}
{8.215536, 11.158239, 19.373775}
{8.347487, 11.412745, 19.760232}
{8.477634, 11.667837, 20.145472}
{8.605983, 11.923506, 20.529488}
{0.051979, 0.090069, 0.142048}
{0.261521, 0.301717, 0.563238}
{0.469961, 0.514782, 0.984743}
{0.677120, 0.729085, 1.406205}
{0.882967, 0.944597, 1.827564}
{1.087484, 1.161298, 2.248781}
{1.290651, 1.379169, 2.669820}
{1.492452, 1.598193, 3.090645}
{1.692870, 1.818354, 3.511224}
{1.891887, 2.039634, 3.931521}
{2.089488, 2.262017, 4.351505}
{2.285655, 2.485486, 4.771142}
{2.480374, 2.710025, 5.190399}
{2.673627, 2.935618, 5.609245}
{2.865400, 3.162248, 6.027648}
{3.055676, 3.389900, 6.445576}
{3.244440, 3.618557, 6.862998}
{3.431678, 3.848205, 7.279883}
{3.617375, 4.078827, 7.696202}
{3.801516, 4.310408, 8.111924}
{3.984087, 4.542934, 8.527021}
{4.165075, 4.776389, 8.941463}
{4.344466, 5.010757, 9.355224}
{4.522248, 5.246026, 9.768274}
{4.698408, 5.482179, 10.180587}
{4.872933, 5.719203, 10.592136}
{5.045813, 5.957083, 11.002897}
{5.217037, 6.195807, 11.412843}
{5.386593, 6.435359, 11.821951}
{5.554471, 6.675726, 12.230197}
{5.720663, 6.916895, 12.637558}
{5.885159, 7.158853, 13.044011}
{6.047950, 7.401586, 13.449536}
{6.209029, 7.645082, 13.854111}
{6.368389, 7.889329, 14.257717}
{6.526022, 8.134313, 14.660335}
{6.681924, 8.380022, 15.061946}
{6.836088, 8.626445, 15.462533}
{6.988509, 8.873569, 15.862079}
{7.139185, 9.121383, 16.260568}
{7.288111, 9.369876, 16.657987}
{7.435285, 9.619035, 17.054320}
{7.580705, 9.868850, 17.449554}
{7.724369, 10.119309, 17.843678}
{7.866276, 10.370403, 18.236679}
{8.006428, 10.622120, 18.628548}
{8.144824, 10.874450, 19.019274}
{8.281467, 11.127382, 19.408849}
{8.416358, 11.380907, 19.797265}
{8.549499, 11.635015, 20.184514}
{8.680896, 11.889695, 20.570591}
{0.051980, 0.090066, 0.142046}
{0.261554, 0.301676, 0.563230}
{0.470069, 0.514664, 0.984733}
{0.677347, 0.728851, 1.406197}
{0.883358, 0.944209, 1.827567}
{1.088085, 1.160719, 2.248804}
{1.291510, 1.378364, 2.669874}
{1.493617, 1.597128, 3.090744}
{1.694389, 1.816994, 3.511383}
{1.893813, 2.037947, 3.931760}
{2.091870, 2.259972, 4.351843}
{2.288548, 2.483053, 4.771601}
{2.483829, 2.707174, 5.191003}
{2.677700, 2.932320, 5.610021}
{2.870146, 3.158477, 6.028623}
{3.061151, 3.385629, 6.446780}
{3.250702, 3.613761, 6.864463}
{3.438784, 3.842859, 7.281643}
{3.625383, 4.072908, 7.698292}
{3.810487, 4.303894, 8.114381}
{3.994081, 4.535802, 8.529883}
{4.176152, 4.768618, 8.944770}
{4.356689, 5.002328, 9.359017}
{4.535677, 5.236919, 9.772596}
{4.713107, 5.472376, 10.185482}
{4.888965, 5.708686, 10.597651}
{5.063241, 5.945836, 11.009077}
{5.235925, 6.183812, 11.419737}
{5.407004, 6.422602, 11.829607}
{5.576471, 6.662193, 12.238664}
{5.744315, 6.902571, 12.646887}
{5.910528, 7.143725, 13.054253}
{6.075101, 7.385642, 13.460743}
{6.238025, 7.628310, 13.866336}
{6.399295, 7.871717, 14.271012}
{6.558903, 8.115851, 14.674753}
{6.716842, 8.360700, 15.077542}
{6.873107, 8.606253, 15.479360}
{7.027693, 8.852498, 15.880191}
{7.180595, 9.099425, 16.280020}
{7.331809, 9.347022, 16.678831}
{7.481333, 9.595278, 17.076611}
{7.629162, 9.844184, 17.473346}
{7.775296, 10.093727, 17.869023}
{7.919732, 10.343899, 18.263631}
{8.062470, 10.594688, 18.657158}
{8.203510, 10.846085, 19.049595}
{8.342851, 11.098080, 19.440931}
{8.480495, 11.350664, 19.831159}
{8.616444, 11.603826, 20.220270}
{8.750699, 11.857557, 20.608256}
{0.051982, 0.090063, 0.142044}
{0.261585, 0.301638, 0.563223}
{0.470170, 0.514553, 0.984723}
{0.677559, 0.728631, 1.406190}
{0.883724, 0.943845, 1.827569}
{1.088647, 1.160176, 2.248823}
{1.292312, 1.377609, 2.669921}
{1.494705, 1.596127, 3.090832}
{1.695809, 1.815717, 3.511526}
{1.895611, 2.036364, 3.931974}
{2.094095, 2.258052, 4.352147}
{2.291248, 2.480767, 4.772014}
{2.487054, 2.704495, 5.191549}
{2.681501, 2.929221, 5.610722}
{2.874573, 3.154932, 6.029505}
{3.066258, 3.381612, 6.447870}
{3.256541, 3.609249, 6.865790}
{3.445409, 3.837828, 7.283237}
{3.632849, 4.067335, 7.700185}
{3.818849, 4.297758, 8.116607}
{4.003395, 4.529082, 8.532477}
{4.186475, 4.761294, 8.947769}
{4.368077, 4.994380, 9.362457}
{4.548189, 5.228329, 9.776518}
{4.726800, 5.463126, 10.189927}
{4.903899, 5.698760, 10.602659}
{5.079475, 5.935216, 11.014691}
{5.253517, 6.172484, 11.426001}
{5.426015, 6.410550, 11.836565}
{5.596961, 6.649403, 12.246363}
{5.766343, 6.889029, 12.655373}
{5.934155, 7.129419, 13.063573}
{6.100387, 7.370559, 13.470945}
{6.265031, 7.612437, 13.877469}
{6.428081, 7.855044, 14.283125}
{6.589528, 8.098367, 14.687895}
{6.749367, 8.342395, 15.091762}
{6.907592, 8.587117, 15.494710}
{7.064197, 8.832523, 15.896720}
{7.219178, 9.078602, 16.297779}
{7.372529, 9.325343, 16.697871}
{7.524247, 9.572736, 17.096982}
{7.674329, 9.820770, 17.495099}
{7.822772, 10.069436, 17.892208}
{7.969573, 10.318724, 18.288297}
{8.114732, 10.568624, 18.683356}
{8.258247, 10.819127, 19.077373}
{8.400117, 11.070222, 19.470339}
{8.540343, 11.321901, 19.862243}
{8.678925, 11.574154, 20.253079}
{8.815864, 11.826973, 20.642837}
{0.051983, 0.090060, 0.142043}
{0.261615, 0.301602, 0.563217}
{0.470265, 0.514449, 0.984715}
{0.677758, 0.728425, 1.406183}
{0.884066, 0.943503, 1.827570}
{1.089173, 1.159666, 2.248840}
{1.293064, 1.376899, 2.669963}
{1.495723, 1.595187, 3.090911}
{1.697138, 1.814517, 3.511655}
{1.897294, 2.034874, 3.932168}
{2.096177, 2.256245, 4.352421}
{2.293773, 2.478615, 4.772389}
{2.490071, 2.701972, 5.192043}
{2.685055, 2.926302, 5.611357}
{2.878713, 3.151591, 6.030304}
{3.071032, 3.377827, 6.448858}
{3.261998, 3.604995, 6.866994}
{3.451601, 3.833084, 7.284684}
{3.639826, 4.062079, 7.701905}
{3.826661, 4.291968, 8.118630}
{4.012096, 4.522739, 8.534835}
{4.196117, 4.754379, 8.950496}
{4.378713, 4.986875, 9.365588}
{4.559874, 5.220214, 9.780088}
{4.739587, 5.454385, 10.193972}
{4.917843, 5.689376, 10.607219}
{5.094631, 5.925174, 11.019805}
{5.269940, 6.161768, 11.431709}
{5.443762, 6.399146, 11.842909}
{5.616087, 6.637296, 12.253383}
{5.786905, 6.876208, 12.663113}
{5.956209, 7.115868, 13.072078}
{6.123990, 7.356268, 13.480257}
{6.290239, 7.597394, 13.887634}
{6.454951, 7.839238, 14.294188}
{6.618117, 8.081787, 14.699903}
{6.779731, 8.325031, 15.104762}
{6.939787, 8.568960, 15.508746}
{7.098279, 8.813563, 15.911842}
{7.255203, 9.058830, 16.314033}
{7.410552, 9.304752, 16.715304}
{7.564324, 9.551318, 17.115642}
{7.716514, 9.798518, 17.515032}
{7.867119, 10.046344, 17.913463}
{8.016137, 10.294784, 18.310921}
{8.163564, 10.543831, 18.707395}
{8.309400, 10.793475, 19.102875}
{8.453643, 11.043706, 19.497349}
{8.596292, 11.294516, 19.890808}
{8.737347, 11.545896, 20.283243}
{8.876809, 11.797837, 20.674647}
{0.051984, 0.090057, 0.142041}
{0.261642, 0.301568, 0.563210}
{0.470354, 0.514352, 0.984706}
{0.677945, 0.728231, 1.406176}
{0.884388, 0.943182, 1.827570}
{1.089668, 1.159186, 2.248854}
{1.293769, 1.376231, 2.670000}
{1.496679, 1.594302, 3.090981}
{1.698385, 1.813386, 3.511771}
{1.898872, 2.033470, 3.932342}
{2.098129, 2.254542, 4.352670}
{2.296142, 2.476587, 4.772728}
{2.492898, 2.699593, 5.192491}
{2.688386, 2.923548, 5.611934}
{2.882592, 3.148439, 6.031031}
{3.075504, 3.374254, 6.449758}
{3.267111, 3.600979, 6.868090}
{3.457400, 3.828603, 7.286002}
{3.646359, 4.057113, 7.703472}
{3.833976, 4.286497, 8.120474}
{4.020241, 4.516744, 8.536985}
{4.205142, 4.747840, 8.952982}
{4.388668, 4.979775, 9.368443}
{4.570809, 5.212536, 9.783345}
{4.751553, 5.446113, 10.197665}
{4.930890, 5.680493, 10.611383}
{5.108811, 5.915665, 11.024476}
{5.285306, 6.151618, 11.436924}
{5.460365, 6.388340, 11.848705}
{5.633980, 6.625822, 12.259801}
{5.806141, 6.864051, 12.670191}
{5.976840, 7.103017, 13.079857}
{6.146069, 7.342710, 13.488779}
{6.313820, 7.583119, 13.896939}
{6.480086, 7.824233, 14.304319}
{6.644860, 8.066043, 14.710903}
{6.808135, 8.308538, 15.116673}
{6.969905, 8.551708, 15.521613}
{7.130165, 8.795543, 15.925708}
{7.288908, 9.040034, 16.328942}
{7.446130, 9.285171, 16.731301}
{7.601826, 9.530945, 17.132771}
{7.755993, 9.777346, 17.533338}
{7.908626, 10.024365, 17.932990}
{8.059722, 10.271992, 18.331714}
{8.209279, 10.520220, 18.729499}
{8.357294, 10.769039, 19.126333}
{8.503766, 11.018440, 19.522206}
{8.648693, 11.268414, 19.917107}
{8.792074, 11.518954, 20.311028}
{8.933909, 11.770051, 20.703960}
{0.051985, 0.090054, 0.142039}
{0.261668, 0.301537, 0.563205}
{0.470438, 0.514260, 0.984698}
{0.678121, 0.728049, 1.406170}
{0.884691, 0.942879, 1.827569}
{1.090133, 1.158734, 2.248866}
{1.294433, 1.375601, 2.670033}
{1.497578, 1.593467, 3.091045}
{1.699557, 1.812319, 3.511876}
{1.900355, 2.032146, 3.932501}
{2.099963, 2.252934, 4.352896}
{2.298366, 2.474671, 4.773037}
{2.495554, 2.697346, 5.192900}
{2.691514, 2.920947, 5.612460}
{2.886234, 3.145460, 6.031694}
{3.079703, 3.370876, 6.450579}
{3.271909, 3.597181, 6.869090}
{3.462842, 3.824364, 7.287206}
{3.652489, 4.052414, 7.704903}
{3.840839, 4.281319, 8.122158}
{4.027883, 4.511067, 8.538950}
{4.213608, 4.741648, 8.955256}
{4.398005, 4.973050, 9.371055}
{4.581064, 5.205261, 9.786325}
{4.762773, 5.438272, 10.201045}
{4.943124, 5.672070, 10.615195}
{5.122107, 5.906646, 11.028753}
{5.299711, 6.141988, 11.441700}
{5.475930, 6.378087, 11.854016}
{5.650752, 6.614930, 12.265683}
{5.824171, 6.852509, 12.676680}
{5.996177, 7.090813, 13.086990}
{6.166764, 7.329831, 13.496594}
{6.335922, 7.569554, 13.905476}
{6.503645, 7.809972, 14.313617}
{6.669926, 8.051074, 14.721001}
{6.834759, 8.292852, 15.127611}
{6.998136, 8.535296, 15.533433}
{7.160053, 8.778397, 15.938450}
{7.320503, 9.022144, 16.342648}
{7.479482, 9.266529, 16.746012}
{7.636985, 9.511544, 17.148529}
{7.793007, 9.757177, 17.550185}
{7.947545, 10.003422, 17.950967}
{8.100595, 10.250270, 18.350864}
{8.252153, 10.497710, 18.749863}
{8.402217, 10.745736, 19.147954}
{8.550785, 10.994339, 19.545124}
{8.697855, 11.243510, 19.941366}
{8.843426, 11.493242, 20.336668}
{8.987495, 11.743526, 20.731021}
{0.051986, 0.090052, 0.142038}
{0.261692, 0.301507, 0.563199}
{0.470517, 0.514173, 0.984690}
{0.678287, 0.727876, 1.406163}
{0.884976, 0.942592, 1.827568}
{1.090571, 1.158306, 2.248877}
{1.295058, 1.375006, 2.670063}
{1.498425, 1.592678, 3.091102}
{1.700660, 1.811311, 3.511971}
{1.901752, 2.030893, 3.932645}
{2.101689, 2.251413, 4.353102}
{2.300460, 2.472859, 4.773319}
{2.498053, 2.695220, 5.193273}
{2.694456, 2.918484, 5.612941}
{2.889660, 3.142640, 6.032300}
{3.083652, 3.367677, 6.451329}
{3.276422, 3.593584, 6.870006}
{3.467959, 3.820349, 7.288308}
{3.658252, 4.047962, 7.706214}
{3.847291, 4.276411, 8.123702}
{4.035065, 4.505686, 8.540751}
{4.221565, 4.735776, 8.957341}
{4.406780, 4.966670, 9.373450}
{4.590700, 5.198359, 9.789058}
{4.773315, 5.430830, 10.204146}
{4.954617, 5.664075, 10.618692}
{5.134596, 5.898082, 11.032678}
{5.313243, 6.132842, 11.446085}
{5.490549, 6.368345, 11.858893}
{5.666505, 6.604580, 12.271085}
{5.841104, 6.841537, 12.682642}
{6.014338, 7.079208, 13.093546}
{6.186198, 7.317581, 13.503779}
{6.356677, 7.556649, 13.913326}
{6.525769, 7.796400, 14.322169}
{6.693465, 8.036827, 14.730292}
{6.859760, 8.277919, 15.137679}
{7.024647, 8.519667, 15.544314}
{7.188121, 8.762063, 15.950184}
{7.350176, 9.005097, 16.355273}
{7.510806, 9.248762, 16.759568}
{7.670007, 9.493047, 17.163054}
{7.827774, 9.737945, 17.565719}
{7.984103, 9.983446, 17.967550}
{8.138990, 10.229544, 18.368534}
{8.292432, 10.476228, 18.768661}
{8.444426, 10.723492, 19.167918}
{8.594968, 10.971327, 19.566295}
{8.744057, 11.219725, 19.963782}
{8.891691, 11.468679, 20.360370}
{9.037868, 11.718180, 20.756047}
{0.051987, 0.090049, 0.142036}
{0.261715, 0.301478, 0.563194}
{0.470592, 0.514091, 0.984683}
{0.678443, 0.727713, 1.406156}
{0.885245, 0.942322, 1.827567}
{1.090984, 1.157902, 2.248886}
{1.295647, 1.374442, 2.670089}
{1.499223, 1.591931, 3.091154}
{1.701701, 1.810356, 3.512057}
{1.903069, 2.029707, 3.932776}
{2.103317, 2.249973, 4.353290}
{2.302434, 2.471143, 4.773577}
{2.500408, 2.693205, 5.193614}
{2.697230, 2.916150, 5.613381}
{2.892889, 3.139967, 6.032856}
{3.087373, 3.364644, 6.452018}
{3.280674, 3.590172, 6.870846}
{3.472779, 3.816540, 7.289319}
{3.663681, 4.043736, 7.707417}
{3.853367, 4.271752, 8.125119}
{4.041829, 4.500577, 8.542405}
{4.229056, 4.730200, 8.959256}
{4.415040, 4.960611, 9.375651}
{4.599770, 5.191800, 9.791571}
{4.783238, 5.423758, 10.206996}
{4.965434, 5.656475, 10.621909}
{5.146350, 5.889940, 11.036289}
{5.325976, 6.124144, 11.450120}
{5.504305, 6.359078, 11.863382}
{5.681327, 6.594731, 12.276059}
{5.857036, 6.831095, 12.688131}
{6.031424, 7.068160, 13.099584}
{6.204482, 7.305917, 13.510399}
{6.376203, 7.544357, 13.920560}
{6.546581, 7.783471, 14.330052}
{6.715609, 8.023249, 14.738858}
{6.883279, 8.263684, 15.146963}
{7.049587, 8.504766, 15.554353}
{7.214526, 8.746486, 15.961012}
{7.378091, 8.988837, 16.366927}
{7.540275, 9.231809, 16.772084}
{7.701075, 9.475395, 17.176469}
{7.860485, 9.719585, 17.580070}
{8.018501, 9.964373, 17.982874}
{8.175120, 10.209749, 18.384869}
{8.330337, 10.455707, 18.786044}
{8.484149, 10.702238, 19.186386}
{8.636553, 10.949334, 19.585886}
{8.787546, 11.196987, 19.984533}
{8.937127, 11.445191, 20.382318}
{9.085293, 11.693938, 20.779230}
{0.051988, 0.090047, 0.142035}
{0.261737, 0.301452, 0.563189}
{0.470663, 0.514013, 0.984676}
{0.678591, 0.727559, 1.406150}
{0.885500, 0.942065, 1.827565}
{1.091375, 1.157519, 2.248894}
{1.296205, 1.373908, 2.670113}
{1.499978, 1.591223, 3.091201}
{1.702685, 1.809451, 3.512135}
{1.904314, 2.028582, 3.932896}
{2.104855, 2.248607, 4.353462}
{2.304298, 2.469514, 4.773813}
{2.502633, 2.691294, 5.193927}
{2.699849, 2.913936, 5.613785}
{2.895937, 3.137429, 6.033366}
{3.090885, 3.361765, 6.452650}
{3.284686, 3.586932, 6.871618}
{3.477328, 3.812921, 7.290249}
{3.668802, 4.039722, 7.708524}
{3.859099, 4.267325, 8.126423}
{4.048208, 4.495720, 8.543928}
{4.236122, 4.724897, 8.961019}
{4.422830, 4.954848, 9.377678}
{4.608323, 5.185562, 9.793885}
{4.792594, 5.417029, 10.209623}
{4.975632, 5.649242, 10.624874}
{5.157430, 5.882189, 11.039619}
{5.337979, 6.115862, 11.453841}
{5.517271, 6.350252, 11.867522}
{5.695298, 6.585349, 12.280647}
{5.872052, 6.821145, 12.693197}
{6.047526, 7.057631, 13.105157}
{6.221712, 7.294798, 13.516510}
{6.394604, 7.532637, 13.927240}
{6.566194, 7.771139, 14.337333}
{6.736475, 8.010297, 14.746772}
{6.905442, 8.250101, 15.155543}
{7.073088, 8.490543, 15.563632}
{7.239408, 8.731616, 15.971024}
{7.404395, 8.973310, 16.377705}
{7.568045, 9.215618, 16.783662}
{7.730352, 9.458531, 17.188883}
{7.891312, 9.702042, 17.593354}
{8.050919, 9.946143, 17.997062}
{8.209171, 10.190826, 18.399997}
{8.366063, 10.436084, 18.802147}
{8.521591, 10.681909, 19.203500}
{8.675753, 10.928293, 19.604046}
{8.828545, 11.175230, 20.003775}
{8.979965, 11.422711, 20.402676}
{9.130010, 11.670731, 20.800741}
{0.051989, 0.090045, 0.142034}
{0.261758, 0.301426, 0.563184}
{0.470730, 0.513939, 0.984669}
{0.678731, 0.727412, 1.406144}
{0.885741, 0.941822, 1.827563}
{1.091745, 1.157156, 2.248900}
{1.296732, 1.373402, 2.670134}
{1.500692, 1.590551, 3.091243}
{1.703615, 1.808592, 3.512207}
{1.905491, 2.027515, 3.933006}
{2.106310, 2.247310, 4.353620}
{2.306062, 2.467968, 4.774029}
{2.504737, 2.689478, 5.194215}
{2.702325, 2.911831, 5.614156}
{2.898818, 3.135017, 6.033835}
{3.094206, 3.359027, 6.453233}
{3.288478, 3.583851, 6.872329}
{3.481627, 3.809479, 7.291106}
{3.673642, 4.035903, 7.709545}
{3.864515, 4.263112, 8.127626}
{4.054236, 4.491097, 8.545333}
{4.242796, 4.719850, 8.962646}
{4.430188, 4.949361, 9.379549}
{4.616402, 5.179620, 9.796022}
{4.801429, 5.410619, 10.212049}
{4.985262, 5.642349, 10.627612}
{5.167893, 5.874802, 11.042694}
{5.349312, 6.107967, 11.457279}
{5.529512, 6.341836, 11.871349}
{5.708487, 6.576402, 12.284888}
{5.886227, 6.811654, 12.697881}
{6.062726, 7.047585, 13.110311}
{6.237976, 7.284186, 13.522162}
{6.411972, 7.521449, 13.933421}
{6.584705, 7.759366, 14.344071}
{6.756170, 7.997928, 14.754097}
{6.926360, 8.237127, 15.163487}
{7.095269, 8.476956, 15.572224}
{7.262891, 8.717406, 15.980297}
{7.429222, 8.958469, 16.387691}
{7.594254, 9.200138, 16.794393}
{7.757985, 9.442405, 17.200390}
{7.920407, 9.685263, 17.605670}
{8.081518, 9.928703, 18.010222}
{8.241313, 10.172719, 18.414032}
{8.399787, 10.417303, 18.817091}
{8.556938, 10.662449, 19.219386}
{8.712761, 10.908147, 19.620908}
{8.867253, 11.154393, 20.021646}
{9.020413, 11.401178, 20.421590}
{9.172236, 11.648495, 20.820731}
{0.051990, 0.090043, 0.142032}
{0.261778, 0.301402, 0.563180}
{0.470793, 0.513869, 0.984662}
{0.678864, 0.727273, 1.406138}
{0.885970, 0.941591, 1.827560}
{1.092096, 1.156810, 2.248906}
{1.297232, 1.372921, 2.670153}
{1.501370, 1.589912, 3.091282}
{1.704498, 1.807775, 3.512273}
{1.906607, 2.026500, 3.933106}
{2.107688, 2.246076, 4.353765}
{2.307732, 2.466496, 4.774229}
{2.506729, 2.687750, 5.194479}
{2.704671, 2.909828, 5.614499}
{2.901547, 3.132722, 6.034269}
{3.097349, 3.356421, 6.453770}
{3.292069, 3.580917, 6.872986}
{3.485696, 3.806202, 7.291898}
{3.678223, 4.032265, 7.710488}
{3.869640, 4.259098, 8.128738}
{4.059939, 4.486693, 8.546632}
{4.249112, 4.715039, 8.964151}
{4.437149, 4.944130, 9.381279}
{4.624044, 5.173955, 9.797999}
{4.809787, 5.404506, 10.214293}
{4.994371, 5.635775, 10.630146}
{5.177787, 5.867754, 11.045541}
{5.360029, 6.100433, 11.460461}
{5.541088, 6.333804, 11.874892}
{5.720957, 6.567859, 12.288816}
{5.899628, 6.802591, 12.702219}
{6.077096, 7.037990, 13.115086}
{6.253352, 7.274049, 13.527401}
{6.428390, 7.510759, 13.939150}
{6.602204, 7.748114, 14.350317}
{6.774786, 7.986104, 14.760890}
{6.946132, 8.224722, 15.170854}
{7.116235, 8.463961, 15.580196}
{7.285089, 8.703813, 15.988902}
{7.452688, 8.944270, 16.396959}
{7.619029, 9.185325, 16.804354}
{7.784104, 9.426971, 17.211075}
{7.947910, 9.669199, 17.617110}
{8.110443, 9.912004, 18.022447}
{8.271696, 10.155378, 18.427074}
{8.431668, 10.399313, 18.830981}
{8.590353, 10.643803, 19.234156}
{8.747749, 10.888841, 19.636589}
{8.903851, 11.134419, 20.038270}
{9.058657, 11.380533, 20.439190}
{9.212164, 11.627173, 20.839337}
{0.051990, 0.090041, 0.142031}
{0.261796, 0.301379, 0.563175}
{0.470853, 0.513803, 0.984656}
{0.678991, 0.727141, 1.406132}
{0.886187, 0.941371, 1.827558}
{1.092429, 1.156482, 2.248911}
{1.297707, 1.372463, 2.670170}
{1.502012, 1.589305, 3.091317}
{1.705335, 1.806998, 3.512332}
{1.907666, 2.025533, 3.933199}
{2.108996, 2.244902, 4.353898}
{2.309317, 2.465095, 4.774412}
{2.508619, 2.686105, 5.194724}
{2.706895, 2.907920, 5.614815}
{2.904135, 3.130534, 6.034669}
{3.100330, 3.353937, 6.454267}
{3.295472, 3.578121, 6.873593}
{3.489553, 3.803077, 7.292630}
{3.682564, 4.028796, 7.711360}
{3.874497, 4.255270, 8.129767}
{4.065343, 4.482491, 8.547834}
{4.255095, 4.710449, 8.965545}
{4.443744, 4.939138, 9.382882}
{4.631283, 5.168547, 9.799830}
{4.817703, 5.398670, 10.216373}
{5.002998, 5.629498, 10.632495}
{5.187158, 5.861022, 11.048180}
{5.370178, 6.093235, 11.463413}
{5.552049, 6.326129, 11.878178}
{5.732765, 6.559696, 12.292461}
{5.912318, 6.793928, 12.706246}
{6.090702, 7.028817, 13.119518}
{6.267909, 7.264355, 13.532264}
{6.443934, 7.500535, 13.944469}
{6.618769, 7.737350, 14.356119}
{6.792410, 7.974791, 14.767201}
{6.964849, 8.212851, 15.177700}
{7.136081, 8.451523, 15.587604}
{7.306100, 8.690800, 15.996900}
{7.474901, 8.930674, 16.405575}
{7.642479, 9.171138, 16.813617}
{7.808828, 9.412185, 17.221013}
{7.973944, 9.653808, 17.627752}
{8.137822, 9.896000, 18.033822}
{8.300458, 10.138754, 18.439213}
{8.461848, 10.382064, 18.843912}
{8.621987, 10.625923, 19.247909}
{8.780872, 10.870323, 19.651195}
{8.938500, 11.115259, 20.053758}
{9.094867, 11.360724, 20.455590}
{9.249970, 11.606711, 20.856681}
{0.051991, 0.090039, 0.142030}
{0.261814, 0.301357, 0.563171}
{0.470911, 0.513740, 0.984650}
{0.679111, 0.727015, 1.406126}
{0.886393, 0.941162, 1.827555}
{1.092746, 1.156169, 2.248915}
{1.298159, 1.372027, 2.670185}
{1.502623, 1.588726, 3.091349}
{1.706130, 1.806257, 3.512387}
{1.908672, 2.024612, 3.933284}
{2.110239, 2.243783, 4.354021}
{2.310822, 2.463760, 4.774582}
{2.510415, 2.684535, 5.194950}
{2.709007, 2.906101, 5.615108}
{2.906592, 3.128448, 6.035039}
{3.103160, 3.351568, 6.454728}
{3.298703, 3.575453, 6.874156}
{3.493214, 3.800095, 7.293309}
{3.686685, 4.025485, 7.712170}
{3.879107, 4.251615, 8.130722}
{4.070472, 4.478478, 8.548950}
{4.260773, 4.706065, 8.966838}
{4.450001, 4.934369, 9.384370}
{4.638151, 5.163380, 9.801531}
{4.825213, 5.393092, 10.218305}
{5.011180, 5.623497, 10.634677}
{5.196046, 5.854586, 11.050633}
{5.379803, 6.086353, 11.466156}
{5.562444, 6.318789, 11.881233}
{5.743962, 6.551887, 12.295848}
{5.924350, 6.785639, 12.709989}
{6.103601, 7.020038, 13.123639}
{6.281710, 7.255077, 13.536787}
{6.458670, 7.490747, 13.949417}
{6.634474, 7.727043, 14.361516}
{6.809116, 7.963956, 14.773072}
{6.982591, 8.201479, 15.184071}
{7.154894, 8.439606, 15.594500}
{7.326017, 8.678329, 16.004346}
{7.495957, 8.917642, 16.413599}
{7.664707, 9.157537, 16.822244}
{7.832263, 9.398008, 17.230271}
{7.998621, 9.639047, 17.637668}
{8.163775, 9.880649, 18.044424}
{8.327721, 10.122807, 18.450528}
{8.490455, 10.365514, 18.855969}
{8.651973, 10.608763, 19.260736}
{8.812271, 10.852548, 19.664819}
{8.971346, 11.096863, 20.068209}
{9.129194, 11.341702, 20.470896}
{9.285813, 11.587058, 20.872871}
{0.051992, 0.090037, 0.142029}
{0.261831, 0.301337, 0.563167}
{0.470965, 0.513679, 0.984645}
{0.679225, 0.726895, 1.406120}
{0.886590, 0.940962, 1.827552}
{1.093047, 1.155871, 2.248918}
{1.298588, 1.371611, 2.670199}
{1.503205, 1.588173, 3.091378}
{1.706887, 1.805550, 3.512438}
{1.909629, 2.023733, 3.933362}
{2.111420, 2.242714, 4.354135}
{2.312254, 2.462485, 4.774739}
{2.512122, 2.683038, 5.195159}
{2.711016, 2.904364, 5.615379}
{2.908928, 3.126455, 6.035383}
{3.105850, 3.349305, 6.455155}
{3.301775, 3.572904, 6.874679}
{3.496694, 3.797245, 7.293940}
{3.690601, 4.022321, 7.712922}
{3.883487, 4.248122, 8.131609}
{4.075345, 4.474643, 8.549987}
{4.266167, 4.701874, 8.968040}
{4.455946, 4.929808, 9.385754}
{4.644674, 5.158438, 9.803113}
{4.832345, 5.387757, 10.220102}
{5.018952, 5.617756, 10.636707}
{5.204487, 5.848428, 11.052914}
{5.388943, 6.079766, 11.468709}
{5.572314, 6.311762, 11.884076}
{5.754593, 6.544410, 12.299002}
{5.935773, 6.777701, 12.713474}
{6.115848, 7.011630, 13.127477}
{6.294812, 7.246188, 13.540999}
{6.472658, 7.481368, 13.954026}
{6.649381, 7.717165, 14.366545}
{6.824974, 7.953570, 14.778544}
{6.999432, 8.190577, 15.190009}
{7.172749, 8.428179, 15.600928}
{7.344921, 8.666369, 16.011290}
{7.515940, 8.905141, 16.421082}
{7.685804, 9.144488, 16.830292}
{7.854505, 9.384404, 17.238909}
{8.022041, 9.624881, 17.646922}
{8.188406, 9.865914, 18.054320}
{8.353596, 10.107495, 18.461091}
{8.517606, 10.349620, 18.867226}
{8.680434, 10.592281, 19.272715}
{8.842074, 10.835473, 19.677546}
{9.002523, 11.079188, 20.081711}
{9.161778, 11.323422, 20.485200}
{9.319836, 11.568168, 20.888004}
{0.051992, 0.090036, 0.142028}
{0.261847, 0.301317, 0.563163}
{0.471017, 0.513622, 0.984639}
{0.679334, 0.726780, 1.406115}
{0.886777, 0.940772, 1.827549}
{1.093334, 1.155586, 2.248921}
{1.298998, 1.371214, 2.670211}
{1.503758, 1.587646, 3.091405}
{1.707609, 1.804876, 3.512484}
{1.910540, 2.022894, 3.933435}
{2.112546, 2.241694, 4.354240}
{2.313618, 2.461267, 4.774885}
{2.513747, 2.681606, 5.195354}
{2.712928, 2.902703, 5.615631}
{2.911152, 3.124551, 6.035702}
{3.108411, 3.347141, 6.455552}
{3.304698, 3.570467, 6.875165}
{3.500006, 3.794520, 7.294526}
{3.694327, 4.019294, 7.713621}
{3.887654, 4.244780, 8.132435}
{4.079980, 4.470972, 8.550953}
{4.271298, 4.697862, 8.969160}
{4.461600, 4.925443, 9.387043}
{4.650879, 5.153707, 9.804586}
{4.839129, 5.382648, 10.221776}
{5.026342, 5.612257, 10.638599}
{5.212513, 5.842529, 11.055041}
{5.397633, 6.073455, 11.471088}
{5.581698, 6.305029, 11.886727}
{5.764699, 6.537244, 12.301943}
{5.946632, 6.770093, 12.716725}
{6.127489, 7.003569, 13.131058}
{6.307265, 7.237665, 13.544930}
{6.485954, 7.472374, 13.958328}
{6.663549, 7.707690, 14.371239}
{6.840045, 7.943606, 14.783651}
{7.015437, 8.180116, 15.195553}
{7.189718, 8.417213, 15.606931}
{7.362885, 8.654890, 16.017774}
{7.534931, 8.893141, 16.428071}
{7.705851, 9.131959, 16.837810}
{7.875641, 9.371339, 17.246980}
{8.044296, 9.611274, 17.655570}
{8.211812, 9.851757, 18.063569}
{8.378184, 10.092783, 18.470967}
{8.543407, 10.334346, 18.877753}
{8.707479, 10.576439, 19.283918}
{8.870395, 10.819057, 19.689452}
{9.032151, 11.062193, 20.094344}
{9.192744, 11.305842, 20.498586}
{9.352171, 11.549999, 20.902169}
{0.051993, 0.090034, 0.142027}
{0.261862, 0.301298, 0.563160}
{0.471067, 0.513567, 0.984634}
{0.679438, 0.726671, 1.406109}
{0.886956, 0.940590, 1.827546}
{1.093609, 1.155314, 2.248923}
{1.299388, 1.370834, 2.670223}
{1.504287, 1.587142, 3.091429}
{1.708296, 1.804231, 3.512527}
{1.911410, 2.022092, 3.933502}
{2.113619, 2.240718, 4.354337}
{2.314917, 2.460102, 4.775020}
{2.515297, 2.680237, 5.195534}
{2.714751, 2.901115, 5.615866}
{2.913271, 3.122728, 6.036000}
{3.110851, 3.345071, 6.455922}
{3.307484, 3.568134, 6.875618}
{3.503161, 3.791912, 7.295073}
{3.697877, 4.016396, 7.714273}
{3.891624, 4.241580, 8.133204}
{4.084396, 4.467457, 8.551853}
{4.276185, 4.694020, 8.970204}
{4.466984, 4.921261, 9.388245}
{4.656787, 5.149174, 9.805961}
{4.845587, 5.377751, 10.223339}
{5.033378, 5.606987, 10.640365}
{5.220153, 5.836873, 11.057026}
{5.405906, 6.067404, 11.473310}
{5.590630, 6.298572, 11.889202}
{5.774319, 6.530371, 12.304690}
{5.956967, 6.762793, 12.719761}
{6.138568, 6.995834, 13.134402}
{6.319116, 7.229485, 13.548602}
{6.498606, 7.463741, 13.962347}
{6.677031, 7.698595, 14.375626}
{6.854386, 7.934040, 14.788426}
{7.030665, 8.170071, 15.200736}
{7.205864, 8.406680, 15.612544}
{7.379977, 8.643862, 16.023839}
{7.552999, 8.881610, 16.434609}
{7.724924, 9.119919, 16.844844}
{7.895750, 9.358782, 17.254532}
{8.065470, 9.598193, 17.663663}
{8.234080, 9.838147, 18.072227}
{8.401576, 10.078636, 18.480212}
{8.567954, 10.319657, 18.887610}
{8.733209, 10.561201, 19.294410}
{8.897339, 10.803264, 19.700603}
{9.060338, 11.045841, 20.106179}
{9.222205, 11.288925, 20.511130}
{9.382935, 11.532510, 20.915445}
{0.051994, 0.090033, 0.142026}
{0.261877, 0.301280, 0.563156}
{0.471115, 0.513514, 0.984629}
{0.679538, 0.726566, 1.406104}
{0.887127, 0.940416, 1.827543}
{1.093870, 1.155054, 2.248925}
{1.299761, 1.370471, 2.670233}
{1.504791, 1.586660, 3.091451}
{1.708953, 1.803614, 3.512567}
{1.912240, 2.021324, 3.933564}
{2.114644, 2.239784, 4.354428}
{2.316158, 2.458987, 4.775145}
{2.516776, 2.678926, 5.195702}
{2.716490, 2.899594, 5.616084}
{2.915293, 3.120983, 6.036277}
{3.113179, 3.343087, 6.456266}
{3.310141, 3.565899, 6.876040}
{3.506171, 3.789412, 7.295583}
{3.701263, 4.013619, 7.714882}
{3.895410, 4.238513, 8.133923}
{4.088606, 4.464087, 8.552693}
{4.280844, 4.690335, 8.971179}
{4.472117, 4.917250, 9.389368}
{4.662419, 5.144826, 9.807245}
{4.851744, 5.373054, 10.224799}
{5.040085, 5.601930, 10.642015}
{5.227436, 5.831446, 11.058882}
{5.413790, 6.061597, 11.475387}
{5.599142, 6.292374, 11.891516}
{5.783486, 6.523772, 12.307258}
{5.966815, 6.755785, 12.722601}
{6.149125, 6.988407, 13.137531}
{6.330408, 7.221630, 13.552038}
{6.510660, 7.455448, 13.966108}
{6.689875, 7.689856, 14.379731}
{6.868047, 7.924848, 14.792895}
{7.045172, 8.160416, 15.205588}
{7.221244, 8.396556, 15.617800}
{7.396257, 8.633261, 16.029518}
{7.570208, 8.870524, 16.440733}
{7.743092, 9.108341, 16.851433}
{7.914902, 9.346705, 17.261608}
{8.085636, 9.585611, 17.671247}
{8.255288, 9.825052, 18.080341}
{8.423855, 10.065024, 18.488879}
{8.591332, 10.305519, 18.896851}
{8.757716, 10.546533, 19.304249}
{8.923001, 10.788061, 19.711062}
{9.087186, 11.030096, 20.117281}
{9.250265, 11.272633, 20.522898}
{9.412237, 11.515666, 20.927903}
{0.051994, 0.090031, 0.142025}
{0.261891, 0.301262, 0.563153}
{0.471160, 0.513464, 0.984624}
{0.679633, 0.726466, 1.406099}
{0.887290, 0.940250, 1.827540}
{1.094121, 1.154805, 2.248926}
{1.300118, 1.370124, 2.670242}
{1.505273, 1.586199, 3.091472}
{1.709581, 1.803022, 3.512603}
{1.913033, 2.020588, 3.933621}
{2.115623, 2.238889, 4.354512}
{2.317343, 2.457919, 4.775262}
{2.518189, 2.677670, 5.195859}
{2.718151, 2.898136, 5.616287}
{2.917225, 3.119310, 6.036535}
{3.115403, 3.341186, 6.456588}
{3.312678, 3.563756, 6.876434}
{3.509044, 3.787015, 7.296059}
{3.704495, 4.010955, 7.715451}
{3.899025, 4.235570, 8.134595}
{4.092625, 4.460854, 8.553480}
{4.285292, 4.686800, 8.972092}
{4.477017, 4.913402, 9.390418}
{4.667795, 5.140652, 9.808447}
{4.857619, 5.368546, 10.226165}
{5.046485, 5.597075, 10.643560}
{5.234384, 5.826235, 11.060620}
{5.421313, 6.056019, 11.477332}
{5.607263, 6.286421, 11.893684}
{5.792231, 6.517433, 12.309664}
{5.976210, 6.749051, 12.725261}
{6.159194, 6.981269, 13.140463}
{6.341178, 7.214079, 13.555257}
{6.522157, 7.447476, 13.969633}
{6.702124, 7.681455, 14.383579}
{6.881076, 7.916009, 14.797084}
{7.059006, 8.151131, 15.210137}
{7.235910, 8.386818, 15.622728}
{7.411782, 8.623062, 16.034844}
{7.586619, 8.859857, 16.446476}
{7.760414, 9.097199, 16.857613}
{7.933164, 9.335082, 17.268246}
{8.104865, 9.573499, 17.678363}
{8.275510, 9.812445, 18.087956}
{8.445098, 10.051915, 18.497013}
{8.613623, 10.291904, 18.905527}
{8.781081, 10.532405, 19.313486}
{8.947469, 10.773414, 19.720883}
{9.112784, 11.014925, 20.127708}
{9.277020, 11.256933, 20.533953}
{9.440176, 11.499432, 20.939608}
{0.051995, 0.090030, 0.142025}
{0.261904, 0.301246, 0.563150}
{0.471204, 0.513416, 0.984619}
{0.679724, 0.726370, 1.406094}
{0.887446, 0.940090, 1.827536}
{1.094360, 1.154566, 2.248927}
{1.300459, 1.369791, 2.670250}
{1.505735, 1.585756, 3.091491}
{1.710181, 1.802456, 3.512637}
{1.913791, 2.019883, 3.933674}
{2.116559, 2.238031, 4.354590}
{2.318477, 2.456894, 4.775371}
{2.519540, 2.676465, 5.196005}
{2.719740, 2.896737, 5.616477}
{2.919072, 3.117705, 6.036777}
{3.117528, 3.339361, 6.456889}
{3.315103, 3.561700, 6.876803}
{3.511791, 3.784714, 7.296505}
{3.707585, 4.008398, 7.715983}
{3.902479, 4.232745, 8.135224}
{4.096466, 4.457750, 8.554216}
{4.289541, 4.683405, 8.972946}
{4.481698, 4.909705, 9.391403}
{4.672930, 5.136643, 9.809573}
{4.863232, 5.364214, 10.227446}
{5.052598, 5.592410, 10.645008}
{5.241021, 5.821227, 11.062248}
{5.428497, 6.050658, 11.479155}
{5.615019, 6.280697, 11.895716}
{5.800582, 6.511339, 12.311921}
{5.985180, 6.742576, 12.727757}
{6.168809, 6.974404, 13.143213}
{6.351461, 7.206816, 13.558278}
{6.533133, 7.439807, 13.972941}
{6.713819, 7.673371, 14.387190}
{6.893514, 7.907502, 14.801016}
{7.072213, 8.142195, 15.214408}
{7.249910, 8.377444, 15.627354}
{7.426602, 8.613243, 16.039845}
{7.602283, 8.849586, 16.451870}
{7.776949, 9.086469, 16.863418}
{7.950595, 9.323886, 17.274481}
{8.123218, 9.561831, 17.685049}
{8.294812, 9.800299, 18.095111}
{8.465373, 10.039285, 18.504658}
{8.634898, 10.278783, 18.913681}
{8.803382, 10.518788, 19.322170}
{8.970823, 10.759295, 19.730117}
{9.137215, 11.000298, 20.137513}
{9.302556, 11.241794, 20.544350}
{9.466842, 11.483776, 20.950618}
{0.051995, 0.090028, 0.142024}
{0.261917, 0.301230, 0.563147}
{0.471245, 0.513369, 0.984615}
{0.679811, 0.726278, 1.406089}
{0.887596, 0.939937, 1.827533}
{1.094590, 1.154338, 2.248927}
{1.300786, 1.369471, 2.670257}
{1.506177, 1.585332, 3.091508}
{1.710756, 1.801912, 3.512668}
{1.914518, 2.019206, 3.933724}
{2.117455, 2.237208, 4.354663}
{2.319562, 2.455911, 4.775473}
{2.520833, 2.675308, 5.196141}
{2.721260, 2.895395, 5.616655}
{2.920839, 3.116164, 6.037003}
{3.119562, 3.337609, 6.457171}
{3.317424, 3.559724, 6.877149}
{3.514419, 3.782504, 7.296923}
{3.710541, 4.005941, 7.716482}
{3.905783, 4.230031, 8.135814}
{4.100140, 4.454766, 8.554906}
{4.293606, 4.680142, 8.973748}
{4.486175, 4.906151, 9.392326}
{4.677841, 5.132789, 9.810630}
{4.868599, 5.360048, 10.228647}
{5.058443, 5.587924, 10.646367}
{5.247367, 5.816410, 11.063777}
{5.435366, 6.045501, 11.480867}
{5.622434, 6.275191, 11.897625}
{5.808565, 6.505474, 12.314040}
{5.993755, 6.736345, 12.730100}
{6.177999, 6.967797, 13.145796}
{6.361290, 7.199825, 13.561115}
{6.543624, 7.432424, 13.976048}
{6.724996, 7.665588, 14.390584}
{6.905400, 7.899311, 14.804712}
{7.084833, 8.133588, 15.218421}
{7.263289, 8.368414, 15.631703}
{7.440763, 8.603783, 16.044546}
{7.617251, 8.839690, 16.456941}
{7.792748, 9.076129, 16.868877}
{7.967250, 9.313096, 17.280346}
{8.140753, 9.550584, 17.691337}
{8.313252, 9.788590, 18.101842}
{8.484744, 10.027106, 18.511850}
{8.655224, 10.266130, 18.921353}
{8.824688, 10.505654, 19.330343}
{8.993134, 10.745675, 19.738809}
{9.160556, 10.986188, 20.146744}
{9.326952, 11.227187, 20.554139}
{9.492319, 11.468667, 20.960986}
{0.051996, 0.090027, 0.142023}
{0.261929, 0.301215, 0.563144}
{0.471285, 0.513325, 0.984610}
{0.679895, 0.726190, 1.406085}
{0.887739, 0.939791, 1.827530}
{1.094810, 1.154118, 2.248928}
{1.301099, 1.369164, 2.670263}
{1.506600, 1.584924, 3.091524}
{1.711307, 1.801390, 3.512697}
{1.915214, 2.018556, 3.933770}
{2.118314, 2.236417, 4.354731}
{2.320602, 2.454966, 4.775568}
{2.522072, 2.674197, 5.196269}
{2.722717, 2.894105, 5.616822}
{2.922532, 3.114682, 6.037214}
{3.121511, 3.335925, 6.457435}
{3.319647, 3.557826, 6.877473}
{3.516936, 3.780379, 7.297315}
{3.713371, 4.003579, 7.716950}
{3.908947, 4.227421, 8.136367}
{4.103657, 4.451897, 8.555555}
{4.297497, 4.677003, 8.974500}
{4.490461, 4.902733, 9.393193}
{4.682542, 5.129080, 9.811623}
{4.873736, 5.356040, 10.229776}
{5.064037, 5.583607, 10.647644}
{5.253440, 5.811775, 11.065214}
{5.441939, 6.040538, 11.482476}
{5.629528, 6.269891, 11.899419}
{5.816204, 6.499828, 12.316032}
{6.001960, 6.730344, 12.732304}
{6.186791, 6.961434, 13.148225}
{6.370693, 7.193091, 13.563784}
{6.553660, 7.425311, 13.978971}
{6.735687, 7.658089, 14.393776}
{6.916770, 7.891418, 14.808188}
{7.096904, 8.125294, 15.222198}
{7.276085, 8.359711, 15.635796}
{7.454307, 8.594664, 16.048971}
{7.631566, 8.830149, 16.461714}
{7.807858, 9.066159, 16.874017}
{7.983178, 9.302690, 17.285868}
{8.157522, 9.539737, 17.697259}
{8.330887, 9.777294, 18.108181}
{8.503268, 10.015357, 18.518625}
{8.674661, 10.253921, 18.928582}
{8.845063, 10.492980, 19.338043}
{9.014469, 10.732531, 19.747000}
{9.182876, 10.972567, 20.155443}
{9.350281, 11.213085, 20.563366}
{9.516681, 11.454079, 20.970760}
{0.051996, 0.090026, 0.142022}
{0.261941, 0.301200, 0.563141}
{0.471324, 0.513282, 0.984606}
{0.679975, 0.726105, 1.406080}
{0.887877, 0.939650, 1.827527}
{1.095021, 1.153907, 2.248928}
{1.301400, 1.368870, 2.670269}
{1.507007, 1.584532, 3.091539}
{1.711836, 1.800888, 3.512724}
{1.915882, 2.017932, 3.933813}
{2.119138, 2.235657, 4.354795}
{2.321600, 2.454058, 4.775657}
{2.523260, 2.673129, 5.196389}
{2.724114, 2.892864, 5.616978}
{2.924155, 3.113258, 6.037413}
{3.123378, 3.334305, 6.457683}
{3.321778, 3.555999, 6.877777}
{3.519348, 3.778335, 7.297683}
{3.716084, 4.001307, 7.717391}
{3.911979, 4.224909, 8.136888}
{4.107028, 4.449136, 8.556164}
{4.301226, 4.673982, 8.975208}
{4.494567, 4.899442, 9.394009}
{4.687046, 5.125510, 9.812556}
{4.878658, 5.352181, 10.230839}
{5.069396, 5.579449, 10.648846}
{5.259257, 5.807309, 11.066566}
{5.448235, 6.035756, 11.483991}
{5.636324, 6.264784, 11.901108}
{5.823520, 6.494387, 12.317907}
{6.009817, 6.724562, 12.734378}
{6.195211, 6.955301, 13.150512}
{6.379697, 7.186600, 13.566297}
{6.563269, 7.418454, 13.981724}
{6.745924, 7.650858, 14.396783}
{6.927657, 7.883807, 14.811463}
{7.108462, 8.117294, 15.225756}
{7.288335, 8.351317, 15.639652}
{7.467273, 8.585868, 16.053141}
{7.645270, 8.820944, 16.466213}
{7.822322, 9.056539, 16.878860}
{7.998425, 9.292648, 17.291073}
{8.173575, 9.529267, 17.702842}
{8.347768, 9.766391, 18.114158}
{8.520999, 10.004014, 18.525014}
{8.693266, 10.242133, 18.935399}
{8.864564, 10.480742, 19.345306}
{9.034890, 10.719836, 19.754726}
{9.204240, 10.959411, 20.163651}
{9.372611, 11.199463, 20.572073}
{9.539999, 11.439986, 20.979984}
{0.051997, 0.090025, 0.142022}
{0.261953, 0.301186, 0.563139}
{0.471360, 0.513242, 0.984602}
{0.680052, 0.726024, 1.406076}
{0.888009, 0.939514, 1.827523}
{1.095224, 1.153704, 2.248927}
{1.301688, 1.368586, 2.670274}
{1.507397, 1.584155, 3.091552}
{1.712344, 1.800406, 3.512749}
{1.916523, 2.017331, 3.933854}
{2.119929, 2.234925, 4.354855}
{2.322557, 2.453184, 4.775741}
{2.524400, 2.672101, 5.196501}
{2.725454, 2.891670, 5.617124}
{2.925713, 3.111887, 6.037600}
{3.125171, 3.332746, 6.457916}
{3.323822, 3.554241, 6.878063}
{3.521663, 3.776367, 7.298030}
{3.718686, 3.999118, 7.717805}
{3.914888, 4.222490, 8.137377}
{4.110261, 4.446476, 8.556738}
{4.304802, 4.671072, 8.975874}
{4.498505, 4.896272, 9.394777}
{4.691365, 5.122070, 9.813435}
{4.883377, 5.348462, 10.231839}
{5.074535, 5.575443, 10.649977}
{5.264834, 5.803006, 11.067840}
{5.454270, 6.031147, 11.485417}
{5.642838, 6.259861, 11.902699}
{5.830532, 6.489142, 12.319674}
{6.017348, 6.718986, 12.736334}
{6.203281, 6.949387, 13.152668}
{6.388326, 7.180340, 13.568666}
{6.572479, 7.411840, 13.984319}
{6.755735, 7.643883, 14.399618}
{6.938089, 7.876463, 14.814552}
{7.119537, 8.109575, 15.229112}
{7.300074, 8.343215, 15.643289}
{7.479697, 8.577378, 16.057074}
{7.658400, 8.812058, 16.470458}
{7.836180, 9.047251, 16.883431}
{8.013033, 9.282952, 17.295985}
{8.188954, 9.519157, 17.708111}
{8.363940, 9.755860, 18.119800}
{8.537986, 9.993058, 18.531044}
{8.711090, 10.230745, 18.941835}
{8.883247, 10.468917, 19.352164}
{9.054453, 10.707569, 19.762022}
{9.224706, 10.946697, 20.171403}
{9.394001, 11.186296, 20.580297}
{9.562336, 11.426362, 20.988698}
{0.051997, 0.090024, 0.142021}
{0.261964, 0.301172, 0.563136}
{0.471396, 0.513202, 0.984598}
{0.680126, 0.725945, 1.406071}
{0.888137, 0.939383, 1.827520}
{1.095419, 1.153508, 2.248927}
{1.301966, 1.368314, 2.670279}
{1.507772, 1.583793, 3.091565}
{1.712831, 1.799941, 3.512772}
{1.917139, 2.016752, 3.933891}
{2.120689, 2.234221, 4.354910}
{2.323477, 2.452342, 4.775819}
{2.525496, 2.671111, 5.196606}
{2.726742, 2.890520, 5.617262}
{2.927209, 3.110567, 6.037775}
{3.126892, 3.331244, 6.458136}
{3.325786, 3.552547, 6.878333}
{3.523885, 3.774471, 7.298356}
{3.721185, 3.997010, 7.718195}
{3.917680, 4.220159, 8.137839}
{4.113365, 4.443913, 8.557278}
{4.308235, 4.668267, 8.976502}
{4.502285, 4.893216, 9.395501}
{4.695510, 5.118754, 9.814264}
{4.887906, 5.344877, 10.232782}
{5.079466, 5.571579, 10.651045}
{5.270186, 5.798855, 11.069042}
{5.460062, 6.026701, 11.486763}
{5.649088, 6.255112, 11.904200}
{5.837260, 6.484081, 12.321342}
{6.024573, 6.713606, 12.738179}
{6.211023, 6.943679, 13.154702}
{6.396604, 7.174298, 13.570902}
{6.581313, 7.405456, 13.986769}
{6.765145, 7.637149, 14.402294}
{6.948095, 7.869373, 14.817468}
{7.130158, 8.102122, 15.232281}
{7.311332, 8.335392, 15.646724}
{7.491611, 8.569178, 16.060789}
{7.670992, 8.803475, 16.474467}
{7.849470, 9.038279, 16.887748}
{8.027041, 9.273584, 17.300625}
{8.203701, 9.509388, 17.713089}
{8.379447, 9.745684, 18.125131}
{8.554274, 9.982469, 18.536743}
{8.728180, 10.219738, 18.947917}
{8.901159, 10.457486, 19.358645}
{9.073210, 10.695709, 19.768919}
{9.244328, 10.934403, 20.178731}
{9.414510, 11.173564, 20.588073}
{9.583752, 11.413186, 20.996938}
{0.051998, 0.090022, 0.142020}
{0.261974, 0.301159, 0.563134}
{0.471430, 0.513164, 0.984594}
{0.680198, 0.725870, 1.406067}
{0.888259, 0.939258, 1.827517}
{1.095606, 1.153320, 2.248926}
{1.302232, 1.368051, 2.670283}
{1.508132, 1.583444, 3.091576}
{1.713300, 1.799494, 3.512794}
{1.917731, 2.016195, 3.933926}
{2.121420, 2.233543, 4.354963}
{2.324361, 2.451532, 4.775892}
{2.526549, 2.670157, 5.196705}
{2.727979, 2.889413, 5.617392}
{2.928646, 3.109294, 6.037941}
{3.128546, 3.329796, 6.458342}
{3.327672, 3.550914, 6.878586}
{3.526020, 3.772643, 7.298663}
{3.723585, 3.994977, 7.718562}
{3.920362, 4.217911, 8.138274}
{4.116347, 4.441441, 8.557788}
{4.311533, 4.665562, 8.977095}
{4.505916, 4.890268, 9.396184}
{4.699492, 5.115555, 9.815047}
{4.892255, 5.341417, 10.233673}
{5.084202, 5.567851, 10.652052}
{5.275326, 5.794850, 11.070176}
{5.465623, 6.022411, 11.488034}
{5.655090, 6.250528, 11.905617}
{5.843720, 6.479196, 12.322916}
{6.031511, 6.708411, 12.739922}
{6.218456, 6.938168, 13.156624}
{6.404552, 7.168463, 13.573015}
{6.589794, 7.399290, 13.989084}
{6.774178, 7.630645, 14.404823}
{6.957699, 7.862524, 14.820223}
{7.140354, 8.094921, 15.235275}
{7.322138, 8.327833, 15.649970}
{7.503047, 8.561254, 16.064300}
{7.683077, 8.795180, 16.478256}
{7.862224, 9.029606, 16.891830}
{8.040484, 9.264529, 17.305013}
{8.217853, 9.499943, 17.717796}
{8.394328, 9.735845, 18.130173}
{8.569904, 9.972229, 18.542134}
{8.744579, 10.209093, 18.953672}
{8.918348, 10.446430, 19.364778}
{9.091208, 10.684237, 19.775445}
{9.263156, 10.922510, 20.185666}
{9.434189, 11.161244, 20.595433}
{9.604302, 11.400436, 21.004738}