{2, 0.100000, 20}
{2, 0.398000, 20}
{2, 0.696000, 20}
{2, 0.994000, 20}
{2, 1.292000, 20}
{2, 1.590000, 20}
{2, 1.888000, 20}
{2, 2.186000, 20}
{2, 2.484000, 20}
{2, 2.782000, 20}
{2, 3.080000, 20}
{2, 3.378000, 20}
{2, 3.676000, 20}
{2, 3.974000, 20}
{2, 4.272000, 20}
{2, 4.570000, 20}
{2, 4.868000, 20}
{2, 5.166000, 20}
{2, 5.464000, 20}
{2, 5.762000, 20}
{2, 6.060000, 20}
{2, 6.358000, 20}
{2, 6.656000, 20}
{2, 6.954000, 20}
{2, 7.252000, 20}
{2, 7.550000, 20}
{2, 7.848000, 20}
{2, 8.146000, 20}
{2, 8.444000, 20}
{2, 8.742000, 20}
{2, 9.040000, 20}
{2, 9.338000, 20}
{2, 9.636000, 20}
{2, 9.934000, 20}
{2, 10.232000, 20}
{2, 10.530000, 20}
{2, 10.828000, 20}
{2, 11.126000, 20}
{2, 11.424000, 20}
{2, 11.722000, 20}
{2, 12.020000, 20}
{2, 12.318000, 20}
{2, 12.616000, 20}
{2, 12.914000, 20}
{2, 13.212000, 20}
{2, 13.510000, 20}
{2, 13.808000, 20}
{2, 14.106000, 20}
{2, 14.404000, 20}
{2, 14.702000, 20}
{2, 15.000000, 20}
 13
{--, 0.100000, 20}
 5
 13
{--, 0.398000, 20}
 5
 13
{--, 0.696000, 20}
 5
 13
{--, 0.994000, 20}
 5
 13
{--, 1.292000, 20}
 5
 13
{--, 1.590000, 20}
 5
 13
{--, 1.888000, 20}
 5
 13
{--, 2.186000, 20}
 5
 13
{--, 2.484000, 20}
 5
 13
{--, 2.782000, 20}
 5
 13
{--, 3.080000, 20}
 5
 13
{--, 3.378000, 20}
 5
 13
{--, 3.676000, 20}
 5
 13
{--, 3.974000, 20}
 5
 13
{--, 4.272000, 20}
 5
 13
{--, 4.570000, 20}
 5
 13
{--, 4.868000, 20}
 5
 13
{--, 5.166000, 20}
 5
 13
{--, 5.464000, 20}
 5
 13
{--, 5.762000, 20}
 5
 13
{--, 6.060000, 20}
 5
 13
{--, 6.358000, 20}
 5
 13
{--, 6.656000, 20}
 5
 13
{--, 6.954000, 20}
 5
 13
{--, 7.252000, 20}
 5
 13
{--, 7.550000, 20}
 5
 13
{--, 7.848000, 20}
 5
 13
{--, 8.146000, 20}
 5
 13
{--, 8.444000, 20}
 5
 13
{--, 8.742000, 20}
 5
 13
{--, 9.040000, 20}
 5
 13
{--, 9.338000, 20}
 5
 13
{--, 9.636000, 20}
 5
 13
{--, 9.934000, 20}
 5
 13
{--, 10.232000, 20}
 5
 13
{--, 10.530000, 20}
 5
 13
{--, 10.828000, 20}
 5
 13
{--, 11.126000, 20}
 5
 13
{--, 11.424000, 20}
 5
 13
{--, 11.722000, 20}
 5
 13
{--, 12.020000, 20}
 5
 13
{--, 12.318000, 20}
 5
 13
{--, 12.616000, 20}
 5
 13
{--, 12.914000, 20}
 5
 13
{--, 13.212000, 20}
 5
 13
{--, 13.510000, 20}
 5
 13
{--, 13.808000, 20}
 5
 13
{--, 14.106000, 20}
 5
 13
{--, 14.404000, 20}
 5
 13
{--, 14.702000, 20}
 5
 13
{--, 15.000000, 20}
 5
 16
{--, 0.100000, 20}
 5
 16
{--, 0.398000, 20}
 5
 16
{--, 0.696000, 20}
 5
 16
{--, 0.994000, 20}
 5
 16
{--, 1.292000, 20}
 5
 16
{--, 1.590000, 20}
 5
 16
{--, 1.888000, 20}
 5
 16
{--, 2.186000, 20}
 5
 16
{--, 2.484000, 20}
 5
 16
{--, 2.782000, 20}
 5
 16
{--, 3.080000, 20}
 5
 16
{--, 3.378000, 20}
 5
 16
{--, 3.676000, 20}
 5
 16
{--, 3.974000, 20}
 5
 16
{--, 4.272000, 20}
 5
 16
{--, 4.570000, 20}
 5
 16
{--, 4.868000, 20}
 5
 16
{--, 5.166000, 20}
 5
 16
{--, 5.464000, 20}
 5
 16
{--, 5.762000, 20}
 5
 16
{--, 6.060000, 20}
 5
 16
{--, 6.358000, 20}
 5
 16
{--, 6.656000, 20}
 5
 16
{--, 6.954000, 20}
 5
 16
{--, 7.252000, 20}
 5
 16
{--, 7.550000, 20}
 5
 16
{--, 7.848000, 20}
 5
 16
{--, 8.146000, 20}
 5
 16
{--, 8.444000, 20}
 5
 16
{--, 8.742000, 20}
 5
 16
{--, 9.040000, 20}
 5
 16
{--, 9.338000, 20}
 5
 16
{--, 9.636000, 20}
 5
 16
{--, 9.934000, 20}
 5
 16
{--, 10.232000, 20}
 5
 16
{--, 10.530000, 20}
 5
 16
{--, 10.828000, 20}
 5
 16
{--, 11.126000, 20}
 5
 16
{--, 11.424000, 20}
 5
 16
{--, 11.722000, 20}
 5
 16
{--, 12.020000, 20}
 5
 16
{--, 12.318000, 20}
 5
 16
{--, 12.616000, 20}
 5
 16
{--, 12.914000, 20}
 5
 16
{--, 13.212000, 20}
 5
 16
{--, 13.510000, 20}
 5
 16
{--, 13.808000, 20}
 5
 16
{--, 14.106000, 20}
 5
 16
{--, 14.404000, 20}
 5
 16
{--, 14.702000, 20}
 5
 16
{--, 15.000000, 20}
 5
 19
{--, 0.100000, 20}
 5
 19
{--, 0.398000, 20}
 5
 19
{--, 0.696000, 20}
 5
 19
{--, 0.994000, 20}
 5
 19
{--, 1.292000, 20}
 5
 19
{--, 1.590000, 20}
 5
 19
{--, 1.888000, 20}
 5
 19
{--, 2.186000, 20}
 5
 19
{--, 2.484000, 20}
 5
 19
{--, 2.782000, 20}
 5
 19
{--, 3.080000, 20}
 5
 19
{--, 3.378000, 20}
 5
 19
{--, 3.676000, 20}
 5
 19
{--, 3.974000, 20}
 5
 19
{--, 4.272000, 20}
 5
 19
{--, 4.570000, 20}
 5
 19
{--, 4.868000, 20}
 5
 19
{--, 5.166000, 20}
 5
 19
{--, 5.464000, 20}
 5
 19
{--, 5.762000, 20}
 5
 19
{--, 6.060000, 20}
 5
 19
{--, 6.358000, 20}
 5
 19
{--, 6.656000, 20}
 5
 19
{--, 6.954000, 20}
 5
 19
{--, 7.252000, 20}
 5
 19
{--, 7.550000, 20}
 5
 19
{--, 7.848000, 20}
 5
 19
{--, 8.146000, 20}
 5
 19
{--, 8.444000, 20}
 5
 19
{--, 8.742000, 20}
 5
 19
{--, 9.040000, 20}
 5
 19
{--, 9.338000, 20}
 5
 19
{--, 9.636000, 20}
 5
 19
{--, 9.934000, 20}
 5
 19
{--, 10.232000, 20}
 5
 19
{--, 10.530000, 20}
 5
 19
{--, 10.828000, 20}
 5
 19
{--, 11.126000, 20}
 5
 19
{--, 11.424000, 20}
 5
 19
{--, 11.722000, 20}
 5
 19
{--, 12.020000, 20}
 5
 19
{--, 12.318000, 20}
 5
 19
{--, 12.616000, 20}
 5
 19
{--, 12.914000, 20}
 5
 19
{--, 13.212000, 20}
 5
 19
{--, 13.510000, 20}
 5
 19
{--, 13.808000, 20}
 5
 19
{--, 14.106000, 20}
 5
 19
{--, 14.404000, 20}
 5
 19
{--, 14.702000, 20}
 5
 19
{--, 15.000000, 20}
 5
 22
{--, 0.100000, 20}
 5
 22
{--, 0.398000, 20}
 5
 22
{--, 0.696000, 20}
 5
 22
{--, 0.994000, 20}
 5
 22
{--, 1.292000, 20}
 5
 22
{--, 1.590000, 20}
 5
 22
{--, 1.888000, 20}
 5
 22
{--, 2.186000, 20}
 5
 22
{--, 2.484000, 20}
 5
 22
{--, 2.782000, 20}
 5
 22
{--, 3.080000, 20}
 5
 22
{--, 3.378000, 20}
 5
 22
{--, 3.676000, 20}
 5
 22
{--, 3.974000, 20}
 5
 22
{--, 4.272000, 20}
 5
 22
{--, 4.570000, 20}
 5
 22
{--, 4.868000, 20}
 5
 22
{--, 5.166000, 20}
 5
 22
{--, 5.464000, 20}
 5
 22
{--, 5.762000, 20}
 5
 22
{--, 6.060000, 20}
 5
 22
{--, 6.358000, 20}
 5
 22
{--, 6.656000, 20}
 5
 22
{--, 6.954000, 20}
 5
 22
{--, 7.252000, 20}
 5
 22
{--, 7.550000, 20}
 5
 22
{--, 7.848000, 20}
 5
 22
{--, 8.146000, 20}
 5
 22
{--, 8.444000, 20}
 5
 22
{--, 8.742000, 20}
 5
 22
{--, 9.040000, 20}
 5
 22
{--, 9.338000, 20}
 5
 22
{--, 9.636000, 20}
 5
 22
{--, 9.934000, 20}
 5
 22
{--, 10.232000, 20}
 5
 22
{--, 10.530000, 20}
 5
 22
{--, 10.828000, 20}
 5
 22
{--, 11.126000, 20}
 5
 22
{--, 11.424000, 20}
 5
 22
{--, 11.722000, 20}
 5
 22
{--, 12.020000, 20}
 5
 22
{--, 12.318000, 20}
 5
 22
{--, 12.616000, 20}
 5
 22
{--, 12.914000, 20}
 5
 22
{--, 13.212000, 20}
 5
 22
{--, 13.510000, 20}
 5
 22
{--, 13.808000, 20}
 5
 22
{--, 14.106000, 20}
 5
 22
{--, 14.404000, 20}
 5
 22
{--, 14.702000, 20}
 5
 22
{--, 15.000000, 20}
 5
{5, 0.100000, 20}
{5, 0.398000, 20}
{5, 0.696000, 20}
{5, 0.994000, 20}
{5, 1.292000, 20}
{5, 1.590000, 20}
{5, 1.888000, 20}
{5, 2.186000, 20}
{5, 2.484000, 20}
{5, 2.782000, 20}
{5, 3.080000, 20}
{5, 3.378000, 20}
{5, 3.676000, 20}
{5, 3.974000, 20}
{5, 4.272000, 20}
{5, 4.570000, 20}
{5, 4.868000, 20}
{5, 5.166000, 20}
{5, 5.464000, 20}
{5, 5.762000, 20}
{5, 6.060000, 20}
{5, 6.358000, 20}
{5, 6.656000, 20}
{5, 6.954000, 20}
{5, 7.252000, 20}
{5, 7.550000, 20}
{5, 7.848000, 20}
{5, 8.146000, 20}
{5, 8.444000, 20}
{5, 8.742000, 20}
{5, 9.040000, 20}
{5, 9.338000, 20}
{5, 9.636000, 20}
{5, 9.934000, 20}
{5, 10.232000, 20}
{5, 10.530000, 20}
{5, 10.828000, 20}
{5, 11.126000, 20}
{5, 11.424000, 20}
{5, 11.722000, 20}
{5, 12.020000, 20}
{5, 12.318000, 20}
{5, 12.616000, 20}
{5, 12.914000, 20}
{5, 13.212000, 20}
{5, 13.510000, 20}
{5, 13.808000, 20}
{5, 14.106000, 20}
{5, 14.404000, 20}
{5, 14.702000, 20}
{5, 15.000000, 20}
 28
{--, 0.100000, 20}
 5
 28
{--, 0.398000, 20}
 5
 28
{--, 0.696000, 20}
 5
 28
{--, 0.994000, 20}
 5
 28
{--, 1.292000, 20}
 5
 28
{--, 1.590000, 20}
 5
 28
{--, 1.888000, 20}
 5
 28
{--, 2.186000, 20}
 5
 28
{--, 2.484000, 20}
 5
 28
{--, 2.782000, 20}
 5
 28
{--, 3.080000, 20}
 5
 28
{--, 3.378000, 20}
 5
 28
{--, 3.676000, 20}
 5
 28
{--, 3.974000, 20}
 5
 28
{--, 4.272000, 20}
 5
 28
{--, 4.570000, 20}
 5
 28
{--, 4.868000, 20}
 5
 28
{--, 5.166000, 20}
 5
 28
{--, 5.464000, 20}
 5
 28
{--, 5.762000, 20}
 5
 28
{--, 6.060000, 20}
 5
 28
{--, 6.358000, 20}
 5
 28
{--, 6.656000, 20}
 5
 28
{--, 6.954000, 20}
 5
 28
{--, 7.252000, 20}
 5
 28
{--, 7.550000, 20}
 5
 28
{--, 7.848000, 20}
 5
 28
{--, 8.146000, 20}
 5
 28
{--, 8.444000, 20}
 5
 28
{--, 8.742000, 20}
 5
 28
{--, 9.040000, 20}
 5
 28
{--, 9.338000, 20}
 5
 28
{--, 9.636000, 20}
 5
 28
{--, 9.934000, 20}
 5
 28
{--, 10.232000, 20}
 5
 28
{--, 10.530000, 20}
 5
 28
{--, 10.828000, 20}
 5
 28
{--, 11.126000, 20}
 5
 28
{--, 11.424000, 20}
 5
 28
{--, 11.722000, 20}
 5
 28
{--, 12.020000, 20}
 5
 28
{--, 12.318000, 20}
 5
 28
{--, 12.616000, 20}
 5
 28
{--, 12.914000, 20}
 5
 28
{--, 13.212000, 20}
 5
 28
{--, 13.510000, 20}
 5
 28
{--, 13.808000, 20}
 5
 28
{--, 14.106000, 20}
 5
 28
{--, 14.404000, 20}
 5
 28
{--, 14.702000, 20}
 5
 28
{--, 15.000000, 20}
 5
 31
{--, 0.100000, 20}
 5
 31
{--, 0.398000, 20}
 5
 31
{--, 0.696000, 20}
 5
 31
{--, 0.994000, 20}
 5
 31
{--, 1.292000, 20}
 5
 31
{--, 1.590000, 20}
 5
 31
{--, 1.888000, 20}
 5
 31
{--, 2.186000, 20}
 5
 31
{--, 2.484000, 20}
 5
 31
{--, 2.782000, 20}
 5
 31
{--, 3.080000, 20}
 5
 31
{--, 3.378000, 20}
 5
 31
{--, 3.676000, 20}
 5
 31
{--, 3.974000, 20}
 5
 31
{--, 4.272000, 20}
 5
 31
{--, 4.570000, 20}
 5
 31
{--, 4.868000, 20}
 5
 31
{--, 5.166000, 20}
 5
 31
{--, 5.464000, 20}
 5
 31
{--, 5.762000, 20}
 5
 31
{--, 6.060000, 20}
 5
 31
{--, 6.358000, 20}
 5
 31
{--, 6.656000, 20}
 5
 31
{--, 6.954000, 20}
 5
 31
{--, 7.252000, 20}
 5
 31
{--, 7.550000, 20}
 5
 31
{--, 7.848000, 20}
 5
 31
{--, 8.146000, 20}
 5
 31
{--, 8.444000, 20}
 5
 31
{--, 8.742000, 20}
 5
 31
{--, 9.040000, 20}
 5
 31
{--, 9.338000, 20}
 5
 31
{--, 9.636000, 20}
 5
 31
{--, 9.934000, 20}
 5
 31
{--, 10.232000, 20}
 5
 31
{--, 10.530000, 20}
 5
 31
{--, 10.828000, 20}
 5
 31
{--, 11.126000, 20}
 5
 31
{--, 11.424000, 20}
 5
 31
{--, 11.722000, 20}
 5
 31
{--, 12.020000, 20}
 5
 31
{--, 12.318000, 20}
 5
 31
{--, 12.616000, 20}
 5
 31
{--, 12.914000, 20}
 5
 31
{--, 13.212000, 20}
 5
 31
{--, 13.510000, 20}
 5
 31
{--, 13.808000, 20}
 5
 31
{--, 14.106000, 20}
 5
 31
{--, 14.404000, 20}
 5
 31
{--, 14.702000, 20}
 5
 31
{--, 15.000000, 20}
 5
 34
{--, 0.100000, 20}
 5
 34
{--, 0.398000, 20}
 5
 34
{--, 0.696000, 20}
 5
 34
{--, 0.994000, 20}
 5
 34
{--, 1.292000, 20}
 5
 34
{--, 1.590000, 20}
 5
 34
{--, 1.888000, 20}
 5
 34
{--, 2.186000, 20}
 5
 34
{--, 2.484000, 20}
 5
 34
{--, 2.782000, 20}
 5
 34
{--, 3.080000, 20}
 5
 34
{--, 3.378000, 20}
 5
 34
{--, 3.676000, 20}
 5
 34
{--, 3.974000, 20}
 5
 34
{--, 4.272000, 20}
 5
 34
{--, 4.570000, 20}
 5
 34
{--, 4.868000, 20}
 5
 34
{--, 5.166000, 20}
 5
 34
{--, 5.464000, 20}
 5
 34
{--, 5.762000, 20}
 5
 34
{--, 6.060000, 20}
 5
 34
{--, 6.358000, 20}
 5
 34
{--, 6.656000, 20}
 5
 34
{--, 6.954000, 20}
 5
 34
{--, 7.252000, 20}
 5
 34
{--, 7.550000, 20}
 5
 34
{--, 7.848000, 20}
 5
 34
{--, 8.146000, 20}
 5
 34
{--, 8.444000, 20}
 5
 34
{--, 8.742000, 20}
 5
 34
{--, 9.040000, 20}
 5
 34
{--, 9.338000, 20}
 5
 34
{--, 9.636000, 20}
 5
 34
{--, 9.934000, 20}
 5
 34
{--, 10.232000, 20}
 5
 34
{--, 10.530000, 20}
 5
 34
{--, 10.828000, 20}
 5
 34
{--, 11.126000, 20}
 5
 34
{--, 11.424000, 20}
 5
 34
{--, 11.722000, 20}
 5
 34
{--, 12.020000, 20}
 5
 34
{--, 12.318000, 20}
 5
 34
{--, 12.616000, 20}
 5
 34
{--, 12.914000, 20}
 5
 34
{--, 13.212000, 20}
 5
 34
{--, 13.510000, 20}
 5
 34
{--, 13.808000, 20}
 5
 34
{--, 14.106000, 20}
 5
 34
{--, 14.404000, 20}
 5
 34
{--, 14.702000, 20}
 5
 34
{--, 15.000000, 20}
 5
 37
{--, 0.100000, 20}
 5
 37
{--, 0.398000, 20}
 5
 37
{--, 0.696000, 20}
 5
 37
{--, 0.994000, 20}
 5
 37
{--, 1.292000, 20}
 5
 37
{--, 1.590000, 20}
 5
 37
{--, 1.888000, 20}
 5
 37
{--, 2.186000, 20}
 5
 37
{--, 2.484000, 20}
 5
 37
{--, 2.782000, 20}
 5
 37
{--, 3.080000, 20}
 5
 37
{--, 3.378000, 20}
 5
 37
{--, 3.676000, 20}
 5
 37
{--, 3.974000, 20}
 5
 37
{--, 4.272000, 20}
 5
 37
{--, 4.570000, 20}
 5
 37
{--, 4.868000, 20}
 5
 37
{--, 5.166000, 20}
 5
 37
{--, 5.464000, 20}
 5
 37
{--, 5.762000, 20}
 5
 37
{--, 6.060000, 20}
 5
 37
{--, 6.358000, 20}
 5
 37
{--, 6.656000, 20}
 5
 37
{--, 6.954000, 20}
 5
 37
{--, 7.252000, 20}
 5
 37
{--, 7.550000, 20}
 5
 37
{--, 7.848000, 20}
 5
 37
{--, 8.146000, 20}
 5
 37
{--, 8.444000, 20}
 5
 37
{--, 8.742000, 20}
 5
 37
{--, 9.040000, 20}
 5
 37
{--, 9.338000, 20}
 5
 37
{--, 9.636000, 20}
 5
 37
{--, 9.934000, 20}
 5
 37
{--, 10.232000, 20}
 5
 37
{--, 10.530000, 20}
 5
 37
{--, 10.828000, 20}
 5
 37
{--, 11.126000, 20}
 5
 37
{--, 11.424000, 20}
 5
 37
{--, 11.722000, 20}
 5
 37
{--, 12.020000, 20}
 5
 37
{--, 12.318000, 20}
 5
 37
{--, 12.616000, 20}
 5
 37
{--, 12.914000, 20}
 5
 37
{--, 13.212000, 20}
 5
 37
{--, 13.510000, 20}
 5
 37
{--, 13.808000, 20}
 5
 37
{--, 14.106000, 20}
 5
 37
{--, 14.404000, 20}
 5
 37
{--, 14.702000, 20}
 5
 37
{--, 15.000000, 20}
 5
{8, 0.100000, 20}
{8, 0.398000, 20}
{8, 0.696000, 20}
{8, 0.994000, 20}
{8, 1.292000, 20}
{8, 1.590000, 20}
{8, 1.888000, 20}
{8, 2.186000, 20}
{8, 2.484000, 20}
{8, 2.782000, 20}
{8, 3.080000, 20}
{8, 3.378000, 20}
{8, 3.676000, 20}
{8, 3.974000, 20}
{8, 4.272000, 20}
{8, 4.570000, 20}
{8, 4.868000, 20}
{8, 5.166000, 20}
{8, 5.464000, 20}
{8, 5.762000, 20}
{8, 6.060000, 20}
{8, 6.358000, 20}
{8, 6.656000, 20}
{8, 6.954000, 20}
{8, 7.252000, 20}
{8, 7.550000, 20}
{8, 7.848000, 20}
{8, 8.146000, 20}
{8, 8.444000, 20}
{8, 8.742000, 20}
{8, 9.040000, 20}
{8, 9.338000, 20}
{8, 9.636000, 20}
{8, 9.934000, 20}
{8, 10.232000, 20}
{8, 10.530000, 20}
{8, 10.828000, 20}
{8, 11.126000, 20}
{8, 11.424000, 20}
{8, 11.722000, 20}
{8, 12.020000, 20}
{8, 12.318000, 20}
{8, 12.616000, 20}
{8, 12.914000, 20}
{8, 13.212000, 20}
{8, 13.510000, 20}
{8, 13.808000, 20}
{8, 14.106000, 20}
{8, 14.404000, 20}
{8, 14.702000, 20}
{8, 15.000000, 20}
 43
{--, 0.100000, 20}
 5
 43
{--, 0.398000, 20}
 5
 43
{--, 0.696000, 20}
 5
 43
{--, 0.994000, 20}
 5
 43
{--, 1.292000, 20}
 5
 43
{--, 1.590000, 20}
 5
 43
{--, 1.888000, 20}
 5
 43
{--, 2.186000, 20}
 5
 43
{--, 2.484000, 20}
 5
 43
{--, 2.782000, 20}
 5
 43
{--, 3.080000, 20}
 5
 43
{--, 3.378000, 20}
 5
 43
{--, 3.676000, 20}
 5
 43
{--, 3.974000, 20}
 5
 43
{--, 4.272000, 20}
 5
 43
{--, 4.570000, 20}
 5
 43
{--, 4.868000, 20}
 5
 43
{--, 5.166000, 20}
 5
 43
{--, 5.464000, 20}
 5
 43
{--, 5.762000, 20}
 5
 43
{--, 6.060000, 20}
 5
 43
{--, 6.358000, 20}
 5
 43
{--, 6.656000, 20}
 5
 43
{--, 6.954000, 20}
 5
 43
{--, 7.252000, 20}
 5
 43
{--, 7.550000, 20}
 5
 43
{--, 7.848000, 20}
 5
 43
{--, 8.146000, 20}
 5
 43
{--, 8.444000, 20}
 5
 43
{--, 8.742000, 20}
 5
 43
{--, 9.040000, 20}
 5
 43
{--, 9.338000, 20}
 5
 43
{--, 9.636000, 20}
 5
 43
{--, 9.934000, 20}
 5
 43
{--, 10.232000, 20}
 5
 43
{--, 10.530000, 20}
 5
 43
{--, 10.828000, 20}
 5
 43
{--, 11.126000, 20}
 5
 43
{--, 11.424000, 20}
 5
 43
{--, 11.722000, 20}
 5
 43
{--, 12.020000, 20}
 5
 43
{--, 12.318000, 20}
 5
 43
{--, 12.616000, 20}
 5
 43
{--, 12.914000, 20}
 5
 43
{--, 13.212000, 20}
 5
 43
{--, 13.510000, 20}
 5
 43
{--, 13.808000, 20}
 5
 43
{--, 14.106000, 20}
 5
 43
{--, 14.404000, 20}
 5
 43
{--, 14.702000, 20}
 5
 43
{--, 15.000000, 20}
 5
 46
{--, 0.100000, 20}
 5
 46
{--, 0.398000, 20}
 5
 46
{--, 0.696000, 20}
 5
 46
{--, 0.994000, 20}
 5
 46
{--, 1.292000, 20}
 5
 46
{--, 1.590000, 20}
 5
 46
{--, 1.888000, 20}
 5
 46
{--, 2.186000, 20}
 5
 46
{--, 2.484000, 20}
 5
 46
{--, 2.782000, 20}
 5
 46
{--, 3.080000, 20}
 5
 46
{--, 3.378000, 20}
 5
 46
{--, 3.676000, 20}
 5
 46
{--, 3.974000, 20}
 5
 46
{--, 4.272000, 20}
 5
 46
{--, 4.570000, 20}
 5
 46
{--, 4.868000, 20}
 5
 46
{--, 5.166000, 20}
 5
 46
{--, 5.464000, 20}
 5
 46
{--, 5.762000, 20}
 5
 46
{--, 6.060000, 20}
 5
 46
{--, 6.358000, 20}
 5
 46
{--, 6.656000, 20}
 5
 46
{--, 6.954000, 20}
 5
 46
{--, 7.252000, 20}
 5
 46
{--, 7.550000, 20}
 5
 46
{--, 7.848000, 20}
 5
 46
{--, 8.146000, 20}
 5
 46
{--, 8.444000, 20}
 5
 46
{--, 8.742000, 20}
 5
 46
{--, 9.040000, 20}
 5
 46
{--, 9.338000, 20}
 5
 46
{--, 9.636000, 20}
 5
 46
{--, 9.934000, 20}
 5
 46
{--, 10.232000, 20}
 5
 46
{--, 10.530000, 20}
 5
 46
{--, 10.828000, 20}
 5
 46
{--, 11.126000, 20}
 5
 46
{--, 11.424000, 20}
 5
 46
{--, 11.722000, 20}
 5
 46
{--, 12.020000, 20}
 5
 46
{--, 12.318000, 20}
 5
 46
{--, 12.616000, 20}
 5
 46
{--, 12.914000, 20}
 5
 46
{--, 13.212000, 20}
 5
 46
{--, 13.510000, 20}
 5
 46
{--, 13.808000, 20}
 5
 46
{--, 14.106000, 20}
 5
 46
{--, 14.404000, 20}
 5
 46
{--, 14.702000, 20}
 5
 46
{--, 15.000000, 20}
 5
 49
{--, 0.100000, 20}
 5
 49
{--, 0.398000, 20}
 5
 49
{--, 0.696000, 20}
 5
 49
{--, 0.994000, 20}
 5
 49
{--, 1.292000, 20}
 5
 49
{--, 1.590000, 20}
 5
 49
{--, 1.888000, 20}
 5
 49
{--, 2.186000, 20}
 5
 49
{--, 2.484000, 20}
 5
 49
{--, 2.782000, 20}
 5
 49
{--, 3.080000, 20}
 5
 49
{--, 3.378000, 20}
 5
 49
{--, 3.676000, 20}
 5
 49
{--, 3.974000, 20}
 5
 49
{--, 4.272000, 20}
 5
 49
{--, 4.570000, 20}
 5
 49
{--, 4.868000, 20}
 5
 49
{--, 5.166000, 20}
 5
 49
{--, 5.464000, 20}
 5
 49
{--, 5.762000, 20}
 5
 49
{--, 6.060000, 20}
 5
 49
{--, 6.358000, 20}
 5
 49
{--, 6.656000, 20}
 5
 49
{--, 6.954000, 20}
 5
 49
{--, 7.252000, 20}
 5
 49
{--, 7.550000, 20}
 5
 49
{--, 7.848000, 20}
 5
 49
{--, 8.146000, 20}
 5
 49
{--, 8.444000, 20}
 5
 49
{--, 8.742000, 20}
 5
 49
{--, 9.040000, 20}
 5
 49
{--, 9.338000, 20}
 5
 49
{--, 9.636000, 20}
 5
 49
{--, 9.934000, 20}
 5
 49
{--, 10.232000, 20}
 5
 49
{--, 10.530000, 20}
 5
 49
{--, 10.828000, 20}
 5
 49
{--, 11.126000, 20}
 5
 49
{--, 11.424000, 20}
 5
 49
{--, 11.722000, 20}
 5
 49
{--, 12.020000, 20}
 5
 49
{--, 12.318000, 20}
 5
 49
{--, 12.616000, 20}
 5
 49
{--, 12.914000, 20}
 5
 49
{--, 13.212000, 20}
 5
 49
{--, 13.510000, 20}
 5
 49
{--, 13.808000, 20}
 5
 49
{--, 14.106000, 20}
 5
 49
{--, 14.404000, 20}
 5
 49
{--, 14.702000, 20}
 5
 49
{--, 15.000000, 20}
 5
 52
{--, 0.100000, 20}
 5
 52
{--, 0.398000, 20}
 5
 52
{--, 0.696000, 20}
 5
 52
{--, 0.994000, 20}
 5
 52
{--, 1.292000, 20}
 5
 52
{--, 1.590000, 20}
 5
 52
{--, 1.888000, 20}
 5
 52
{--, 2.186000, 20}
 5
 52
{--, 2.484000, 20}
 5
 52
{--, 2.782000, 20}
 5
 52
{--, 3.080000, 20}
 5
 52
{--, 3.378000, 20}
 5
 52
{--, 3.676000, 20}
 5
 52
{--, 3.974000, 20}
 5
 52
{--, 4.272000, 20}
 5
 52
{--, 4.570000, 20}
 5
 52
{--, 4.868000, 20}
 5
 52
{--, 5.166000, 20}
 5
 52
{--, 5.464000, 20}
 5
 52
{--, 5.762000, 20}
 5
 52
{--, 6.060000, 20}
 5
 52
{--, 6.358000, 20}
 5
 52
{--, 6.656000, 20}
 5
 52
{--, 6.954000, 20}
 5
 52
{--, 7.252000, 20}
 5
 52
{--, 7.550000, 20}
 5
 52
{--, 7.848000, 20}
 5
 52
{--, 8.146000, 20}
 5
 52
{--, 8.444000, 20}
 5
 52
{--, 8.742000, 20}
 5
 52
{--, 9.040000, 20}
 5
 52
{--, 9.338000, 20}
 5
 52
{--, 9.636000, 20}
 5
 52
{--, 9.934000, 20}
 5
 52
{--, 10.232000, 20}
 5
 52
{--, 10.530000, 20}
 5
 52
{--, 10.828000, 20}
 5
 52
{--, 11.126000, 20}
 5
 52
{--, 11.424000, 20}
 5
 52
{--, 11.722000, 20}
 5
 52
{--, 12.020000, 20}
 5
 52
{--, 12.318000, 20}
 5
 52
{--, 12.616000, 20}
 5
 52
{--, 12.914000, 20}
 5
 52
{--, 13.212000, 20}
 5
 52
{--, 13.510000, 20}
 5
 52
{--, 13.808000, 20}
 5
 52
{--, 14.106000, 20}
 5
 52
{--, 14.404000, 20}
 5
 52
{--, 14.702000, 20}
 5
 52
{--, 15.000000, 20}
 5
{11, 0.100000, 20}
{11, 0.398000, 20}
{11, 0.696000, 20}
{11, 0.994000, 20}
{11, 1.292000, 20}
{11, 1.590000, 20}
{11, 1.888000, 20}
{11, 2.186000, 20}
{11, 2.484000, 20}
{11, 2.782000, 20}
{11, 3.080000, 20}
{11, 3.378000, 20}
{11, 3.676000, 20}
{11, 3.974000, 20}
{11, 4.272000, 20}
{11, 4.570000, 20}
{11, 4.868000, 20}
{11, 5.166000, 20}
{11, 5.464000, 20}
{11, 5.762000, 20}
{11, 6.060000, 20}
{11, 6.358000, 20}
{11, 6.656000, 20}
{11, 6.954000, 20}
{11, 7.252000, 20}
{11, 7.550000, 20}
{11, 7.848000, 20}
{11, 8.146000, 20}
{11, 8.444000, 20}
{11, 8.742000, 20}
{11, 9.040000, 20}
{11, 9.338000, 20}
{11, 9.636000, 20}
{11, 9.934000, 20}
{11, 10.232000, 20}
{11, 10.530000, 20}
{11, 10.828000, 20}
{11, 11.126000, 20}
{11, 11.424000, 20}
{11, 11.722000, 20}
{11, 12.020000, 20}
{11, 12.318000, 20}
{11, 12.616000, 20}
{11, 12.914000, 20}
{11, 13.212000, 20}
{11, 13.510000, 20}
{11, 13.808000, 20}
{11, 14.106000, 20}
{11, 14.404000, 20}
{11, 14.702000, 20}
{11, 15.000000, 20}
 58
{--, 0.100000, 20}
 5
 58
{--, 0.398000, 20}
 5
 58
{--, 0.696000, 20}
 5
 58
{--, 0.994000, 20}
 5
 58
{--, 1.292000, 20}
 5
 58
{--, 1.590000, 20}
 5
 58
{--, 1.888000, 20}
 5
 58
{--, 2.186000, 20}
 5
 58
{--, 2.484000, 20}
 5
 58
{--, 2.782000, 20}
 5
 58
{--, 3.080000, 20}
 5
 58
{--, 3.378000, 20}
 5
 58
{--, 3.676000, 20}
 5
 58
{--, 3.974000, 20}
 5
 58
{--, 4.272000, 20}
 5
 58
{--, 4.570000, 20}
 5
 58
{--, 4.868000, 20}
 5
 58
{--, 5.166000, 20}
 5
 58
{--, 5.464000, 20}
 5
 58
{--, 5.762000, 20}
 5
 58
{--, 6.060000, 20}
 5
 58
{--, 6.358000, 20}
 5
 58
{--, 6.656000, 20}
 5
 58
{--, 6.954000, 20}
 5
 58
{--, 7.252000, 20}
 5
 58
{--, 7.550000, 20}
 5
 58
{--, 7.848000, 20}
 5
 58
{--, 8.146000, 20}
 5
 58
{--, 8.444000, 20}
 5
 58
{--, 8.742000, 20}
 5
 58
{--, 9.040000, 20}
 5
 58
{--, 9.338000, 20}
 5
 58
{--, 9.636000, 20}
 5
 58
{--, 9.934000, 20}
 5
 58
{--, 10.232000, 20}
 5
 58
{--, 10.530000, 20}
 5
 58
{--, 10.828000, 20}
 5
 58
{--, 11.126000, 20}
 5
 58
{--, 11.424000, 20}
 5
 58
{--, 11.722000, 20}
 5
 58
{--, 12.020000, 20}
 5
 58
{--, 12.318000, 20}
 5
 58
{--, 12.616000, 20}
 5
 58
{--, 12.914000, 20}
 5
 58
{--, 13.212000, 20}
 5
 58
{--, 13.510000, 20}
 5
 58
{--, 13.808000, 20}
 5
 58
{--, 14.106000, 20}
 5
 58
{--, 14.404000, 20}
 5
 58
{--, 14.702000, 20}
 5
 58
{--, 15.000000, 20}
 5
 61
{--, 0.100000, 20}
 5
 61
{--, 0.398000, 20}
 5
 61
{--, 0.696000, 20}
 5
 61
{--, 0.994000, 20}
 5
 61
{--, 1.292000, 20}
 5
 61
{--, 1.590000, 20}
 5
 61
{--, 1.888000, 20}
 5
 61
{--, 2.186000, 20}
 5
 61
{--, 2.484000, 20}
 5
 61
{--, 2.782000, 20}
 5
 61
{--, 3.080000, 20}
 5
 61
{--, 3.378000, 20}
 5
 61
{--, 3.676000, 20}
 5
 61
{--, 3.974000, 20}
 5
 61
{--, 4.272000, 20}
 5
 61
{--, 4.570000, 20}
 5
 61
{--, 4.868000, 20}
 5
 61
{--, 5.166000, 20}
 5
 61
{--, 5.464000, 20}
 5
 61
{--, 5.762000, 20}
 5
 61
{--, 6.060000, 20}
 5
 61
{--, 6.358000, 20}
 5
 61
{--, 6.656000, 20}
 5
 61
{--, 6.954000, 20}
 5
 61
{--, 7.252000, 20}
 5
 61
{--, 7.550000, 20}
 5
 61
{--, 7.848000, 20}
 5
 61
{--, 8.146000, 20}
 5
 61
{--, 8.444000, 20}
 5
 61
{--, 8.742000, 20}
 5
 61
{--, 9.040000, 20}
 5
 61
{--, 9.338000, 20}
 5
 61
{--, 9.636000, 20}
 5
 61
{--, 9.934000, 20}
 5
 61
{--, 10.232000, 20}
 5
 61
{--, 10.530000, 20}
 5
 61
{--, 10.828000, 20}
 5
 61
{--, 11.126000, 20}
 5
 61
{--, 11.424000, 20}
 5
 61
{--, 11.722000, 20}
 5
 61
{--, 12.020000, 20}
 5
 61
{--, 12.318000, 20}
 5
 61
{--, 12.616000, 20}
 5
 61
{--, 12.914000, 20}
 5
 61
{--, 13.212000, 20}
 5
 61
{--, 13.510000, 20}
 5
 61
{--, 13.808000, 20}
 5
 61
{--, 14.106000, 20}
 5
 61
{--, 14.404000, 20}
 5
 61
{--, 14.702000, 20}
 5
 61
{--, 15.000000, 20}
 5
 64
{--, 0.100000, 20}
 5
 64
{--, 0.398000, 20}
 5
 64
{--, 0.696000, 20}
 5
 64
{--, 0.994000, 20}
 5
 64
{--, 1.292000, 20}
 5
 64
{--, 1.590000, 20}
 5
 64
{--, 1.888000, 20}
 5
 64
{--, 2.186000, 20}
 5
 64
{--, 2.484000, 20}
 5
 64
{--, 2.782000, 20}
 5
 64
{--, 3.080000, 20}
 5
 64
{--, 3.378000, 20}
 5
 64
{--, 3.676000, 20}
 5
 64
{--, 3.974000, 20}
 5
 64
{--, 4.272000, 20}
 5
 64
{--, 4.570000, 20}
 5
 64
{--, 4.868000, 20}
 5
 64
{--, 5.166000, 20}
 5
 64
{--, 5.464000, 20}
 5
 64
{--, 5.762000, 20}
 5
 64
{--, 6.060000, 20}
 5
 64
{--, 6.358000, 20}
 5
 64
{--, 6.656000, 20}
 5
 64
{--, 6.954000, 20}
 5
 64
{--, 7.252000, 20}
 5
 64
{--, 7.550000, 20}
 5
 64
{--, 7.848000, 20}
 5
 64
{--, 8.146000, 20}
 5
 64
{--, 8.444000, 20}
 5
 64
{--, 8.742000, 20}
 5
 64
{--, 9.040000, 20}
 5
 64
{--, 9.338000, 20}
 5
 64
{--, 9.636000, 20}
 5
 64
{--, 9.934000, 20}
 5
 64
{--, 10.232000, 20}
 5
 64
{--, 10.530000, 20}
 5
 64
{--, 10.828000, 20}
 5
 64
{--, 11.126000, 20}
 5
 64
{--, 11.424000, 20}
 5
 64
{--, 11.722000, 20}
 5
 64
{--, 12.020000, 20}
 5
 64
{--, 12.318000, 20}
 5
 64
{--, 12.616000, 20}
 5
 64
{--, 12.914000, 20}
 5
 64
{--, 13.212000, 20}
 5
 64
{--, 13.510000, 20}
 5
 64
{--, 13.808000, 20}
 5
 64
{--, 14.106000, 20}
 5
 64
{--, 14.404000, 20}
 5
 64
{--, 14.702000, 20}
 5
 64
{--, 15.000000, 20}
 5
 67
{--, 0.100000, 20}
 5
 67
{--, 0.398000, 20}
 5
 67
{--, 0.696000, 20}
 5
 67
{--, 0.994000, 20}
 5
 67
{--, 1.292000, 20}
 5
 67
{--, 1.590000, 20}
 5
 67
{--, 1.888000, 20}
 5
 67
{--, 2.186000, 20}
 5
 67
{--, 2.484000, 20}
 5
 67
{--, 2.782000, 20}
 5
 67
{--, 3.080000, 20}
 5
 67
{--, 3.378000, 20}
 5
 67
{--, 3.676000, 20}
 5
 67
{--, 3.974000, 20}
 5
 67
{--, 4.272000, 20}
 5
 67
{--, 4.570000, 20}
 5
 67
{--, 4.868000, 20}
 5
 67
{--, 5.166000, 20}
 5
 67
{--, 5.464000, 20}
 5
 67
{--, 5.762000, 20}
 5
 67
{--, 6.060000, 20}
 5
 67
{--, 6.358000, 20}
 5
 67
{--, 6.656000, 20}
 5
 67
{--, 6.954000, 20}
 5
 67
{--, 7.252000, 20}
 5
 67
{--, 7.550000, 20}
 5
 67
{--, 7.848000, 20}
 5
 67
{--, 8.146000, 20}
 5
 67
{--, 8.444000, 20}
 5
 67
{--, 8.742000, 20}
 5
 67
{--, 9.040000, 20}
 5
 67
{--, 9.338000, 20}
 5
 67
{--, 9.636000, 20}
 5
 67
{--, 9.934000, 20}
 5
 67
{--, 10.232000, 20}
 5
 67
{--, 10.530000, 20}
 5
 67
{--, 10.828000, 20}
 5
 67
{--, 11.126000, 20}
 5
 67
{--, 11.424000, 20}
 5
 67
{--, 11.722000, 20}
 5
 67
{--, 12.020000, 20}
 5
 67
{--, 12.318000, 20}
 5
 67
{--, 12.616000, 20}
 5
 67
{--, 12.914000, 20}
 5
 67
{--, 13.212000, 20}
 5
 67
{--, 13.510000, 20}
 5
 67
{--, 13.808000, 20}
 5
 67
{--, 14.106000, 20}
 5
 67
{--, 14.404000, 20}
 5
 67
{--, 14.702000, 20}
 5
 67
{--, 15.000000, 20}
 5
{14, 0.100000, 20}
{14, 0.398000, 20}
{14, 0.696000, 20}
{14, 0.994000, 20}
{14, 1.292000, 20}
{14, 1.590000, 20}
{14, 1.888000, 20}
{14, 2.186000, 20}
{14, 2.484000, 20}
{14, 2.782000, 20}
{14, 3.080000, 20}
{14, 3.378000, 20}
{14, 3.676000, 20}
{14, 3.974000, 20}
{14, 4.272000, 20}
{14, 4.570000, 20}
{14, 4.868000, 20}
{14, 5.166000, 20}
{14, 5.464000, 20}
{14, 5.762000, 20}
{14, 6.060000, 20}
{14, 6.358000, 20}
{14, 6.656000, 20}
{14, 6.954000, 20}
{14, 7.252000, 20}
{14, 7.550000, 20}
{14, 7.848000, 20}
{14, 8.146000, 20}
{14, 8.444000, 20}
{14, 8.742000, 20}
{14, 9.040000, 20}
{14, 9.338000, 20}
{14, 9.636000, 20}
{14, 9.934000, 20}
{14, 10.232000, 20}
{14, 10.530000, 20}
{14, 10.828000, 20}
{14, 11.126000, 20}
{14, 11.424000, 20}
{14, 11.722000, 20}
{14, 12.020000, 20}
{14, 12.318000, 20}
{14, 12.616000, 20}
{14, 12.914000, 20}
{14, 13.212000, 20}
{14, 13.510000, 20}
{14, 13.808000, 20}
{14, 14.106000, 20}
{14, 14.404000, 20}
{14, 14.702000, 20}
{14, 15.000000, 20}
 73
{--, 0.100000, 20}
 5
 73
{--, 0.398000, 20}
 5
 73
{--, 0.696000, 20}
 5
 73
{--, 0.994000, 20}
 5
 73
{--, 1.292000, 20}
 5
 73
{--, 1.590000, 20}
 5
 73
{--, 1.888000, 20}
 5
 73
{--, 2.186000, 20}
 5
 73
{--, 2.484000, 20}
 5
 73
{--, 2.782000, 20}
 5
 73
{--, 3.080000, 20}
 5
 73
{--, 3.378000, 20}
 5
 73
{--, 3.676000, 20}
 5
 73
{--, 3.974000, 20}
 5
 73
{--, 4.272000, 20}
 5
 73
{--, 4.570000, 20}
 5
 73
{--, 4.868000, 20}
 5
 73
{--, 5.166000, 20}
 5
 73
{--, 5.464000, 20}
 5
 73
{--, 5.762000, 20}
 5
 73
{--, 6.060000, 20}
 5
 73
{--, 6.358000, 20}
 5
 73
{--, 6.656000, 20}
 5
 73
{--, 6.954000, 20}
 5
 73
{--, 7.252000, 20}
 5
 73
{--, 7.550000, 20}
 5
 73
{--, 7.848000, 20}
 5
 73
{--, 8.146000, 20}
 5
 73
{--, 8.444000, 20}
 5
 73
{--, 8.742000, 20}
 5
 73
{--, 9.040000, 20}
 5
 73
{--, 9.338000, 20}
 5
 73
{--, 9.636000, 20}
 5
 73
{--, 9.934000, 20}
 5
 73
{--, 10.232000, 20}
 5
 73
{--, 10.530000, 20}
 5
 73
{--, 10.828000, 20}
 5
 73
{--, 11.126000, 20}
 5
 73
{--, 11.424000, 20}
 5
 73
{--, 11.722000, 20}
 5
 73
{--, 12.020000, 20}
 5
 73
{--, 12.318000, 20}
 5
 73
{--, 12.616000, 20}
 5
 73
{--, 12.914000, 20}
 5
 73
{--, 13.212000, 20}
 5
 73
{--, 13.510000, 20}
 5
 73
{--, 13.808000, 20}
 5
 73
{--, 14.106000, 20}
 5
 73
{--, 14.404000, 20}
 5
 73
{--, 14.702000, 20}
 5
 73
{--, 15.000000, 20}
 5
 76
{--, 0.100000, 20}
 5
 76
{--, 0.398000, 20}
 5
 76
{--, 0.696000, 20}
 5
 76
{--, 0.994000, 20}
 5
 76
{--, 1.292000, 20}
 5
 76
{--, 1.590000, 20}
 5
 76
{--, 1.888000, 20}
 5
 76
{--, 2.186000, 20}
 5
 76
{--, 2.484000, 20}
 5
 76
{--, 2.782000, 20}
 5
 76
{--, 3.080000, 20}
 5
 76
{--, 3.378000, 20}
 5
 76
{--, 3.676000, 20}
 5
 76
{--, 3.974000, 20}
 5
 76
{--, 4.272000, 20}
 5
 76
{--, 4.570000, 20}
 5
 76
{--, 4.868000, 20}
 5
 76
{--, 5.166000, 20}
 5
 76
{--, 5.464000, 20}
 5
 76
{--, 5.762000, 20}
 5
 76
{--, 6.060000, 20}
 5
 76
{--, 6.358000, 20}
 5
 76
{--, 6.656000, 20}
 5
 76
{--, 6.954000, 20}
 5
 76
{--, 7.252000, 20}
 5
 76
{--, 7.550000, 20}
 5
 76
{--, 7.848000, 20}
 5
 76
{--, 8.146000, 20}
 5
 76
{--, 8.444000, 20}
 5
 76
{--, 8.742000, 20}
 5
 76
{--, 9.040000, 20}
 5
 76
{--, 9.338000, 20}
 5
 76
{--, 9.636000, 20}
 5
 76
{--, 9.934000, 20}
 5
 76
{--, 10.232000, 20}
 5
 76
{--, 10.530000, 20}
 5
 76
{--, 10.828000, 20}
 5
 76
{--, 11.126000, 20}
 5
 76
{--, 11.424000, 20}
 5
 76
{--, 11.722000, 20}
 5
 76
{--, 12.020000, 20}
 5
 76
{--, 12.318000, 20}
 5
 76
{--, 12.616000, 20}
 5
 76
{--, 12.914000, 20}
 5
 76
{--, 13.212000, 20}
 5
 76
{--, 13.510000, 20}
 5
 76
{--, 13.808000, 20}
 5
 76
{--, 14.106000, 20}
 5
 76
{--, 14.404000, 20}
 5
 76
{--, 14.702000, 20}
 5
 76
{--, 15.000000, 20}
 5
 79
{--, 0.100000, 20}
 5
 79
{--, 0.398000, 20}
 5
 79
{--, 0.696000, 20}
 5
 79
{--, 0.994000, 20}
 5
 79
{--, 1.292000, 20}
 5
 79
{--, 1.590000, 20}
 5
 79
{--, 1.888000, 20}
 5
 79
{--, 2.186000, 20}
 5
 79
{--, 2.484000, 20}
 5
 79
{--, 2.782000, 20}
 5
 79
{--, 3.080000, 20}
 5
 79
{--, 3.378000, 20}
 5
 79
{--, 3.676000, 20}
 5
 79
{--, 3.974000, 20}
 5
 79
{--, 4.272000, 20}
 5
 79
{--, 4.570000, 20}
 5
 79
{--, 4.868000, 20}
 5
 79
{--, 5.166000, 20}
 5
 79
{--, 5.464000, 20}
 5
 79
{--, 5.762000, 20}
 5
 79
{--, 6.060000, 20}
 5
 79
{--, 6.358000, 20}
 5
 79
{--, 6.656000, 20}
 5
 79
{--, 6.954000, 20}
 5
 79
{--, 7.252000, 20}
 5
 79
{--, 7.550000, 20}
 5
 79
{--, 7.848000, 20}
 5
 79
{--, 8.146000, 20}
 5
 79
{--, 8.444000, 20}
 5
 79
{--, 8.742000, 20}
 5
 79
{--, 9.040000, 20}
 5
 79
{--, 9.338000, 20}
 5
 79
{--, 9.636000, 20}
 5
 79
{--, 9.934000, 20}
 5
 79
{--, 10.232000, 20}
 5
 79
{--, 10.530000, 20}
 5
 79
{--, 10.828000, 20}
 5
 79
{--, 11.126000, 20}
 5
 79
{--, 11.424000, 20}
 5
 79
{--, 11.722000, 20}
 5
 79
{--, 12.020000, 20}
 5
 79
{--, 12.318000, 20}
 5
 79
{--, 12.616000, 20}
 5
 79
{--, 12.914000, 20}
 5
 79
{--, 13.212000, 20}
 5
 79
{--, 13.510000, 20}
 5
 79
{--, 13.808000, 20}
 5
 79
{--, 14.106000, 20}
 5
 79
{--, 14.404000, 20}
 5
 79
{--, 14.702000, 20}
 5
 79
{--, 15.000000, 20}
 5
 82
{--, 0.100000, 20}
 5
 82
{--, 0.398000, 20}
 5
 82
{--, 0.696000, 20}
 5
 82
{--, 0.994000, 20}
 5
 82
{--, 1.292000, 20}
 5
 82
{--, 1.590000, 20}
 5
 82
{--, 1.888000, 20}
 5
 82
{--, 2.186000, 20}
 5
 82
{--, 2.484000, 20}
 5
 82
{--, 2.782000, 20}
 5
 82
{--, 3.080000, 20}
 5
 82
{--, 3.378000, 20}
 5
 82
{--, 3.676000, 20}
 5
 82
{--, 3.974000, 20}
 5
 82
{--, 4.272000, 20}
 5
 82
{--, 4.570000, 20}
 5
 82
{--, 4.868000, 20}
 5
 82
{--, 5.166000, 20}
 5
 82
{--, 5.464000, 20}
 5
 82
{--, 5.762000, 20}
 5
 82
{--, 6.060000, 20}
 5
 82
{--, 6.358000, 20}
 5
 82
{--, 6.656000, 20}
 5
 82
{--, 6.954000, 20}
 5
 82
{--, 7.252000, 20}
 5
 82
{--, 7.550000, 20}
 5
 82
{--, 7.848000, 20}
 5
 82
{--, 8.146000, 20}
 5
 82
{--, 8.444000, 20}
 5
 82
{--, 8.742000, 20}
 5
 82
{--, 9.040000, 20}
 5
 82
{--, 9.338000, 20}
 5
 82
{--, 9.636000, 20}
 5
 82
{--, 9.934000, 20}
 5
 82
{--, 10.232000, 20}
 5
 82
{--, 10.530000, 20}
 5
 82
{--, 10.828000, 20}
 5
 82
{--, 11.126000, 20}
 5
 82
{--, 11.424000, 20}
 5
 82
{--, 11.722000, 20}
 5
 82
{--, 12.020000, 20}
 5
 82
{--, 12.318000, 20}
 5
 82
{--, 12.616000, 20}
 5
 82
{--, 12.914000, 20}
 5
 82
{--, 13.212000, 20}
 5
 82
{--, 13.510000, 20}
 5
 82
{--, 13.808000, 20}
 5
 82
{--, 14.106000, 20}
 5
 82
{--, 14.404000, 20}
 5
 82
{--, 14.702000, 20}
 5
 82
{--, 15.000000, 20}
 5
{17, 0.100000, 20}
{17, 0.398000, 20}
{17, 0.696000, 20}
{17, 0.994000, 20}
{17, 1.292000, 20}
{17, 1.590000, 20}
{17, 1.888000, 20}
{17, 2.186000, 20}
{17, 2.484000, 20}
{17, 2.782000, 20}
{17, 3.080000, 20}
{17, 3.378000, 20}
{17, 3.676000, 20}
{17, 3.974000, 20}
{17, 4.272000, 20}
{17, 4.570000, 20}
{17, 4.868000, 20}
{17, 5.166000, 20}
{17, 5.464000, 20}
{17, 5.762000, 20}
{17, 6.060000, 20}
{17, 6.358000, 20}
{17, 6.656000, 20}
{17, 6.954000, 20}
{17, 7.252000, 20}
{17, 7.550000, 20}
{17, 7.848000, 20}
{17, 8.146000, 20}
{17, 8.444000, 20}
{17, 8.742000, 20}
{17, 9.040000, 20}
{17, 9.338000, 20}
{17, 9.636000, 20}
{17, 9.934000, 20}
{17, 10.232000, 20}
{17, 10.530000, 20}
{17, 10.828000, 20}
{17, 11.126000, 20}
{17, 11.424000, 20}
{17, 11.722000, 20}
{17, 12.020000, 20}
{17, 12.318000, 20}
{17, 12.616000, 20}
{17, 12.914000, 20}
{17, 13.212000, 20}
{17, 13.510000, 20}
{17, 13.808000, 20}
{17, 14.106000, 20}
{17, 14.404000, 20}
{17, 14.702000, 20}
{17, 15.000000, 20}
 88
{--, 0.100000, 20}
 5
 88
{--, 0.398000, 20}
 5
 88
{--, 0.696000, 20}
 5
 88
{--, 0.994000, 20}
 5
 88
{--, 1.292000, 20}
 5
 88
{--, 1.590000, 20}
 5
 88
{--, 1.888000, 20}
 5
 88
{--, 2.186000, 20}
 5
 88
{--, 2.484000, 20}
 5
 88
{--, 2.782000, 20}
 5
 88
{--, 3.080000, 20}
 5
 88
{--, 3.378000, 20}
 5
 88
{--, 3.676000, 20}
 5
 88
{--, 3.974000, 20}
 5
 88
{--, 4.272000, 20}
 5
 88
{--, 4.570000, 20}
 5
 88
{--, 4.868000, 20}
 5
 88
{--, 5.166000, 20}
 5
 88
{--, 5.464000, 20}
 5
 88
{--, 5.762000, 20}
 5
 88
{--, 6.060000, 20}
 5
 88
{--, 6.358000, 20}
 5
 88
{--, 6.656000, 20}
 5
 88
{--, 6.954000, 20}
 5
 88
{--, 7.252000, 20}
 5
 88
{--, 7.550000, 20}
 5
 88
{--, 7.848000, 20}
 5
 88
{--, 8.146000, 20}
 5
 88
{--, 8.444000, 20}
 5
 88
{--, 8.742000, 20}
 5
 88
{--, 9.040000, 20}
 5
 88
{--, 9.338000, 20}
 5
 88
{--, 9.636000, 20}
 5
 88
{--, 9.934000, 20}
 5
 88
{--, 10.232000, 20}
 5
 88
{--, 10.530000, 20}
 5
 88
{--, 10.828000, 20}
 5
 88
{--, 11.126000, 20}
 5
 88
{--, 11.424000, 20}
 5
 88
{--, 11.722000, 20}
 5
 88
{--, 12.020000, 20}
 5
 88
{--, 12.318000, 20}
 5
 88
{--, 12.616000, 20}
 5
 88
{--, 12.914000, 20}
 5
 88
{--, 13.212000, 20}
 5
 88
{--, 13.510000, 20}
 5
 88
{--, 13.808000, 20}
 5
 88
{--, 14.106000, 20}
 5
 88
{--, 14.404000, 20}
 5
 88
{--, 14.702000, 20}
 5
 88
{--, 15.000000, 20}
 5
 91
{--, 0.100000, 20}
 5
 91
{--, 0.398000, 20}
 5
 91
{--, 0.696000, 20}
 5
 91
{--, 0.994000, 20}
 5
 91
{--, 1.292000, 20}
 5
 91
{--, 1.590000, 20}
 5
 91
{--, 1.888000, 20}
 5
 91
{--, 2.186000, 20}
 5
 91
{--, 2.484000, 20}
 5
 91
{--, 2.782000, 20}
 5
 91
{--, 3.080000, 20}
 5
 91
{--, 3.378000, 20}
 5
 91
{--, 3.676000, 20}
 5
 91
{--, 3.974000, 20}
 5
 91
{--, 4.272000, 20}
 5
 91
{--, 4.570000, 20}
 5
 91
{--, 4.868000, 20}
 5
 91
{--, 5.166000, 20}
 5
 91
{--, 5.464000, 20}
 5
 91
{--, 5.762000, 20}
 5
 91
{--, 6.060000, 20}
 5
 91
{--, 6.358000, 20}
 5
 91
{--, 6.656000, 20}
 5
 91
{--, 6.954000, 20}
 5
 91
{--, 7.252000, 20}
 5
 91
{--, 7.550000, 20}
 5
 91
{--, 7.848000, 20}
 5
 91
{--, 8.146000, 20}
 5
 91
{--, 8.444000, 20}
 5
 91
{--, 8.742000, 20}
 5
 91
{--, 9.040000, 20}
 5
 91
{--, 9.338000, 20}
 5
 91
{--, 9.636000, 20}
 5
 91
{--, 9.934000, 20}
 5
 91
{--, 10.232000, 20}
 5
 91
{--, 10.530000, 20}
 5
 91
{--, 10.828000, 20}
 5
 91
{--, 11.126000, 20}
 5
 91
{--, 11.424000, 20}
 5
 91
{--, 11.722000, 20}
 5
 91
{--, 12.020000, 20}
 5
 91
{--, 12.318000, 20}
 5
 91
{--, 12.616000, 20}
 5
 91
{--, 12.914000, 20}
 5
 91
{--, 13.212000, 20}
 5
 91
{--, 13.510000, 20}
 5
 91
{--, 13.808000, 20}
 5
 91
{--, 14.106000, 20}
 5
 91
{--, 14.404000, 20}
 5
 91
{--, 14.702000, 20}
 5
 91
{--, 15.000000, 20}
 5
 94
{--, 0.100000, 20}
 5
 94
{--, 0.398000, 20}
 5
 94
{--, 0.696000, 20}
 5
 94
{--, 0.994000, 20}
 5
 94
{--, 1.292000, 20}
 5
 94
{--, 1.590000, 20}
 5
 94
{--, 1.888000, 20}
 5
 94
{--, 2.186000, 20}
 5
 94
{--, 2.484000, 20}
 5
 94
{--, 2.782000, 20}
 5
 94
{--, 3.080000, 20}
 5
 94
{--, 3.378000, 20}
 5
 94
{--, 3.676000, 20}
 5
 94
{--, 3.974000, 20}
 5
 94
{--, 4.272000, 20}
 5
 94
{--, 4.570000, 20}
 5
 94
{--, 4.868000, 20}
 5
 94
{--, 5.166000, 20}
 5
 94
{--, 5.464000, 20}
 5
 94
{--, 5.762000, 20}
 5
 94
{--, 6.060000, 20}
 5
 94
{--, 6.358000, 20}
 5
 94
{--, 6.656000, 20}
 5
 94
{--, 6.954000, 20}
 5
 94
{--, 7.252000, 20}
 5
 94
{--, 7.550000, 20}
 5
 94
{--, 7.848000, 20}
 5
 94
{--, 8.146000, 20}
 5
 94
{--, 8.444000, 20}
 5
 94
{--, 8.742000, 20}
 5
 94
{--, 9.040000, 20}
 5
 94
{--, 9.338000, 20}
 5
 94
{--, 9.636000, 20}
 5
 94
{--, 9.934000, 20}
 5
 94
{--, 10.232000, 20}
 5
 94
{--, 10.530000, 20}
 5
 94
{--, 10.828000, 20}
 5
 94
{--, 11.126000, 20}
 5
 94
{--, 11.424000, 20}
 5
 94
{--, 11.722000, 20}
 5
 94
{--, 12.020000, 20}
 5
 94
{--, 12.318000, 20}
 5
 94
{--, 12.616000, 20}
 5
 94
{--, 12.914000, 20}
 5
 94
{--, 13.212000, 20}
 5
 94
{--, 13.510000, 20}
 5
 94
{--, 13.808000, 20}
 5
 94
{--, 14.106000, 20}
 5
 94
{--, 14.404000, 20}
 5
 94
{--, 14.702000, 20}
 5
 94
{--, 15.000000, 20}
 5
 97
{--, 0.100000, 20}
 5
 97
{--, 0.398000, 20}
 5
 97
{--, 0.696000, 20}
 5
 97
{--, 0.994000, 20}
 5
 97
{--, 1.292000, 20}
 5
 97
{--, 1.590000, 20}
 5
 97
{--, 1.888000, 20}
 5
 97
{--, 2.186000, 20}
 5
 97
{--, 2.484000, 20}
 5
 97
{--, 2.782000, 20}
 5
 97
{--, 3.080000, 20}
 5
 97
{--, 3.378000, 20}
 5
 97
{--, 3.676000, 20}
 5
 97
{--, 3.974000, 20}
 5
 97
{--, 4.272000, 20}
 5
 97
{--, 4.570000, 20}
 5
 97
{--, 4.868000, 20}
 5
 97
{--, 5.166000, 20}
 5
 97
{--, 5.464000, 20}
 5
 97
{--, 5.762000, 20}
 5
 97
{--, 6.060000, 20}
 5
 97
{--, 6.358000, 20}
 5
 97
{--, 6.656000, 20}
 5
 97
{--, 6.954000, 20}
 5
 97
{--, 7.252000, 20}
 5
 97
{--, 7.550000, 20}
 5
 97
{--, 7.848000, 20}
 5
 97
{--, 8.146000, 20}
 5
 97
{--, 8.444000, 20}
 5
 97
{--, 8.742000, 20}
 5
 97
{--, 9.040000, 20}
 5
 97
{--, 9.338000, 20}
 5
 97
{--, 9.636000, 20}
 5
 97
{--, 9.934000, 20}
 5
 97
{--, 10.232000, 20}
 5
 97
{--, 10.530000, 20}
 5
 97
{--, 10.828000, 20}
 5
 97
{--, 11.126000, 20}
 5
 97
{--, 11.424000, 20}
 5
 97
{--, 11.722000, 20}
 5
 97
{--, 12.020000, 20}
 5
 97
{--, 12.318000, 20}
 5
 97
{--, 12.616000, 20}
 5
 97
{--, 12.914000, 20}
 5
 97
{--, 13.212000, 20}
 5
 97
{--, 13.510000, 20}
 5
 97
{--, 13.808000, 20}
 5
 97
{--, 14.106000, 20}
 5
 97
{--, 14.404000, 20}
 5
 97
{--, 14.702000, 20}
 5
 97
{--, 15.000000, 20}
 5
{20, 0.100000, 20}
{20, 0.398000, 20}
{20, 0.696000, 20}
{20, 0.994000, 20}
{20, 1.292000, 20}
{20, 1.590000, 20}
{20, 1.888000, 20}
{20, 2.186000, 20}
{20, 2.484000, 20}
{20, 2.782000, 20}
{20, 3.080000, 20}
{20, 3.378000, 20}
{20, 3.676000, 20}
{20, 3.974000, 20}
{20, 4.272000, 20}
{20, 4.570000, 20}
{20, 4.868000, 20}
{20, 5.166000, 20}
{20, 5.464000, 20}
{20, 5.762000, 20}
{20, 6.060000, 20}
{20, 6.358000, 20}
{20, 6.656000, 20}
{20, 6.954000, 20}
{20, 7.252000, 20}
{20, 7.550000, 20}
{20, 7.848000, 20}
{20, 8.146000, 20}
{20, 8.444000, 20}
{20, 8.742000, 20}
{20, 9.040000, 20}
{20, 9.338000, 20}
{20, 9.636000, 20}
{20, 9.934000, 20}
{20, 10.232000, 20}
{20, 10.530000, 20}
{20, 10.828000, 20}
{20, 11.126000, 20}
{20, 11.424000, 20}
{20, 11.722000, 20}
{20, 12.020000, 20}
{20, 12.318000, 20}
{20, 12.616000, 20}
{20, 12.914000, 20}
{20, 13.212000, 20}
{20, 13.510000, 20}
{20, 13.808000, 20}
{20, 14.106000, 20}
{20, 14.404000, 20}
{20, 14.702000, 20}
{20, 15.000000, 20}
 103
{---, 0.100000, 20}
  5
 103
{---, 0.398000, 20}
  5
 103
{---, 0.696000, 20}
  5
 103
{---, 0.994000, 20}
  5
 103
{---, 1.292000, 20}
  5
 103
{---, 1.590000, 20}
  5
 103
{---, 1.888000, 20}
  5
 103
{---, 2.186000, 20}
  5
 103
{---, 2.484000, 20}
  5
 103
{---, 2.782000, 20}
  5
 103
{---, 3.080000, 20}
  5
 103
{---, 3.378000, 20}
  5
 103
{---, 3.676000, 20}
  5
 103
{---, 3.974000, 20}
  5
 103
{---, 4.272000, 20}
  5
 103
{---, 4.570000, 20}
  5
 103
{---, 4.868000, 20}
  5
 103
{---, 5.166000, 20}
  5
 103
{---, 5.464000, 20}
  5
 103
{---, 5.762000, 20}
  5
 103
{---, 6.060000, 20}
  5
 103
{---, 6.358000, 20}
  5
 103
{---, 6.656000, 20}
  5
 103
{---, 6.954000, 20}
  5
 103
{---, 7.252000, 20}
  5
 103
{---, 7.550000, 20}
  5
 103
{---, 7.848000, 20}
  5
 103
{---, 8.146000, 20}
  5
 103
{---, 8.444000, 20}
  5
 103
{---, 8.742000, 20}
  5
 103
{---, 9.040000, 20}
  5
 103
{---, 9.338000, 20}
  5
 103
{---, 9.636000, 20}
  5
 103
{---, 9.934000, 20}
  5
 103
{---, 10.232000, 20}
  5
 103
{---, 10.530000, 20}
  5
 103
{---, 10.828000, 20}
  5
 103
{---, 11.126000, 20}
  5
 103
{---, 11.424000, 20}
  5
 103
{---, 11.722000, 20}
  5
 103
{---, 12.020000, 20}
  5
 103
{---, 12.318000, 20}
  5
 103
{---, 12.616000, 20}
  5
 103
{---, 12.914000, 20}
  5
 103
{---, 13.212000, 20}
  5
 103
{---, 13.510000, 20}
  5
 103
{---, 13.808000, 20}
  5
 103
{---, 14.106000, 20}
  5
 103
{---, 14.404000, 20}
  5
 103
{---, 14.702000, 20}
  5
 103
{---, 15.000000, 20}
  5
 106
{---, 0.100000, 20}
  5
 106
{---, 0.398000, 20}
  5
 106
{---, 0.696000, 20}
  5
 106
{---, 0.994000, 20}
  5
 106
{---, 1.292000, 20}
  5
 106
{---, 1.590000, 20}
  5
 106
{---, 1.888000, 20}
  5
 106
{---, 2.186000, 20}
  5
 106
{---, 2.484000, 20}
  5
 106
{---, 2.782000, 20}
  5
 106
{---, 3.080000, 20}
  5
 106
{---, 3.378000, 20}
  5
 106
{---, 3.676000, 20}
  5
 106
{---, 3.974000, 20}
  5
 106
{---, 4.272000, 20}
  5
 106
{---, 4.570000, 20}
  5
 106
{---, 4.868000, 20}
  5
 106
{---, 5.166000, 20}
  5
 106
{---, 5.464000, 20}
  5
 106
{---, 5.762000, 20}
  5
 106
{---, 6.060000, 20}
  5
 106
{---, 6.358000, 20}
  5
 106
{---, 6.656000, 20}
  5
 106
{---, 6.954000, 20}
  5
 106
{---, 7.252000, 20}
  5
 106
{---, 7.550000, 20}
  5
 106
{---, 7.848000, 20}
  5
 106
{---, 8.146000, 20}
  5
 106
{---, 8.444000, 20}
  5
 106
{---, 8.742000, 20}
  5
 106
{---, 9.040000, 20}
  5
 106
{---, 9.338000, 20}
  5
 106
{---, 9.636000, 20}
  5
 106
{---, 9.934000, 20}
  5
 106
{---, 10.232000, 20}
  5
 106
{---, 10.530000, 20}
  5
 106
{---, 10.828000, 20}
  5
 106
{---, 11.126000, 20}
  5
 106
{---, 11.424000, 20}
  5
 106
{---, 11.722000, 20}
  5
 106
{---, 12.020000, 20}
  5
 106
{---, 12.318000, 20}
  5
 106
{---, 12.616000, 20}
  5
 106
{---, 12.914000, 20}
  5
 106
{---, 13.212000, 20}
  5
 106
{---, 13.510000, 20}
  5
 106
{---, 13.808000, 20}
  5
 106
{---, 14.106000, 20}
  5
 106
{---, 14.404000, 20}
  5
 106
{---, 14.702000, 20}
  5
 106
{---, 15.000000, 20}
  5
 109
{---, 0.100000, 20}
  5
 109
{---, 0.398000, 20}
  5
 109
{---, 0.696000, 20}
  5
 109
{---, 0.994000, 20}
  5
 109
{---, 1.292000, 20}
  5
 109
{---, 1.590000, 20}
  5
 109
{---, 1.888000, 20}
  5
 109
{---, 2.186000, 20}
  5
 109
{---, 2.484000, 20}
  5
 109
{---, 2.782000, 20}
  5
 109
{---, 3.080000, 20}
  5
 109
{---, 3.378000, 20}
  5
 109
{---, 3.676000, 20}
  5
 109
{---, 3.974000, 20}
  5
 109
{---, 4.272000, 20}
  5
 109
{---, 4.570000, 20}
  5
 109
{---, 4.868000, 20}
  5
 109
{---, 5.166000, 20}
  5
 109
{---, 5.464000, 20}
  5
 109
{---, 5.762000, 20}
  5
 109
{---, 6.060000, 20}
  5
 109
{---, 6.358000, 20}
  5
 109
{---, 6.656000, 20}
  5
 109
{---, 6.954000, 20}
  5
 109
{---, 7.252000, 20}
  5
 109
{---, 7.550000, 20}
  5
 109
{---, 7.848000, 20}
  5
 109
{---, 8.146000, 20}
  5
 109
{---, 8.444000, 20}
  5
 109
{---, 8.742000, 20}
  5
 109
{---, 9.040000, 20}
  5
 109
{---, 9.338000, 20}
  5
 109
{---, 9.636000, 20}
  5
 109
{---, 9.934000, 20}
  5
 109
{---, 10.232000, 20}
  5
 109
{---, 10.530000, 20}
  5
 109
{---, 10.828000, 20}
  5
 109
{---, 11.126000, 20}
  5
 109
{---, 11.424000, 20}
  5
 109
{---, 11.722000, 20}
  5
 109
{---, 12.020000, 20}
  5
 109
{---, 12.318000, 20}
  5
 109
{---, 12.616000, 20}
  5
 109
{---, 12.914000, 20}
  5
 109
{---, 13.212000, 20}
  5
 109
{---, 13.510000, 20}
  5
 109
{---, 13.808000, 20}
  5
 109
{---, 14.106000, 20}
  5
 109
{---, 14.404000, 20}
  5
 109
{---, 14.702000, 20}
  5
 109
{---, 15.000000, 20}
  5
 112
{---, 0.100000, 20}
  5
 112
{---, 0.398000, 20}
  5
 112
{---, 0.696000, 20}
  5
 112
{---, 0.994000, 20}
  5
 112
{---, 1.292000, 20}
  5
 112
{---, 1.590000, 20}
  5
 112
{---, 1.888000, 20}
  5
 112
{---, 2.186000, 20}
  5
 112
{---, 2.484000, 20}
  5
 112
{---, 2.782000, 20}
  5
 112
{---, 3.080000, 20}
  5
 112
{---, 3.378000, 20}
  5
 112
{---, 3.676000, 20}
  5
 112
{---, 3.974000, 20}
  5
 112
{---, 4.272000, 20}
  5
 112
{---, 4.570000, 20}
  5
 112
{---, 4.868000, 20}
  5
 112
{---, 5.166000, 20}
  5
 112
{---, 5.464000, 20}
  5
 112
{---, 5.762000, 20}
  5
 112
{---, 6.060000, 20}
  5
 112
{---, 6.358000, 20}
  5
 112
{---, 6.656000, 20}
  5
 112
{---, 6.954000, 20}
  5
 112
{---, 7.252000, 20}
  5
 112
{---, 7.550000, 20}
  5
 112
{---, 7.848000, 20}
  5
 112
{---, 8.146000, 20}
  5
 112
{---, 8.444000, 20}
  5
 112
{---, 8.742000, 20}
  5
 112
{---, 9.040000, 20}
  5
 112
{---, 9.338000, 20}
  5
 112
{---, 9.636000, 20}
  5
 112
{---, 9.934000, 20}
  5
 112
{---, 10.232000, 20}
  5
 112
{---, 10.530000, 20}
  5
 112
{---, 10.828000, 20}
  5
 112
{---, 11.126000, 20}
  5
 112
{---, 11.424000, 20}
  5
 112
{---, 11.722000, 20}
  5
 112
{---, 12.020000, 20}
  5
 112
{---, 12.318000, 20}
  5
 112
{---, 12.616000, 20}
  5
 112
{---, 12.914000, 20}
  5
 112
{---, 13.212000, 20}
  5
 112
{---, 13.510000, 20}
  5
 112
{---, 13.808000, 20}
  5
 112
{---, 14.106000, 20}
  5
 112
{---, 14.404000, 20}
  5
 112
{---, 14.702000, 20}
  5
 112
{---, 15.000000, 20}
  5
{23, 0.100000, 20}
{23, 0.398000, 20}
{23, 0.696000, 20}
{23, 0.994000, 20}
{23, 1.292000, 20}
{23, 1.590000, 20}
{23, 1.888000, 20}
{23, 2.186000, 20}
{23, 2.484000, 20}
{23, 2.782000, 20}
{23, 3.080000, 20}
{23, 3.378000, 20}
{23, 3.676000, 20}
{23, 3.974000, 20}
{23, 4.272000, 20}
{23, 4.570000, 20}
{23, 4.868000, 20}
{23, 5.166000, 20}
{23, 5.464000, 20}
{23, 5.762000, 20}
{23, 6.060000, 20}
{23, 6.358000, 20}
{23, 6.656000, 20}
{23, 6.954000, 20}
{23, 7.252000, 20}
{23, 7.550000, 20}
{23, 7.848000, 20}
{23, 8.146000, 20}
{23, 8.444000, 20}
{23, 8.742000, 20}
{23, 9.040000, 20}
{23, 9.338000, 20}
{23, 9.636000, 20}
{23, 9.934000, 20}
{23, 10.232000, 20}
{23, 10.530000, 20}
{23, 10.828000, 20}
{23, 11.126000, 20}
{23, 11.424000, 20}
{23, 11.722000, 20}
{23, 12.020000, 20}
{23, 12.318000, 20}
{23, 12.616000, 20}
{23, 12.914000, 20}
{23, 13.212000, 20}
{23, 13.510000, 20}
{23, 13.808000, 20}
{23, 14.106000, 20}
{23, 14.404000, 20}
{23, 14.702000, 20}
{23, 15.000000, 20}
 118
{---, 0.100000, 20}
  5
 118
{---, 0.398000, 20}
  5
 118
{---, 0.696000, 20}
  5
 118
{---, 0.994000, 20}
  5
 118
{---, 1.292000, 20}
  5
 118
{---, 1.590000, 20}
  5
 118
{---, 1.888000, 20}
  5
 118
{---, 2.186000, 20}
  5
 118
{---, 2.484000, 20}
  5
 118
{---, 2.782000, 20}
  5
 118
{---, 3.080000, 20}
  5
 118
{---, 3.378000, 20}
  5
 118
{---, 3.676000, 20}
  5
 118
{---, 3.974000, 20}
  5
 118
{---, 4.272000, 20}
  5
 118
{---, 4.570000, 20}
  5
 118
{---, 4.868000, 20}
  5
 118
{---, 5.166000, 20}
  5
 118
{---, 5.464000, 20}
  5
 118
{---, 5.762000, 20}
  5
 118
{---, 6.060000, 20}
  5
 118
{---, 6.358000, 20}
  5
 118
{---, 6.656000, 20}
  5
 118
{---, 6.954000, 20}
  5
 118
{---, 7.252000, 20}
  5
 118
{---, 7.550000, 20}
  5
 118
{---, 7.848000, 20}
  5
 118
{---, 8.146000, 20}
  5
 118
{---, 8.444000, 20}
  5
 118
{---, 8.742000, 20}
  5
 118
{---, 9.040000, 20}
  5
 118
{---, 9.338000, 20}
  5
 118
{---, 9.636000, 20}
  5
 118
{---, 9.934000, 20}
  5
 118
{---, 10.232000, 20}
  5
 118
{---, 10.530000, 20}
  5
 118
{---, 10.828000, 20}
  5
 118
{---, 11.126000, 20}
  5
 118
{---, 11.424000, 20}
  5
 118
{---, 11.722000, 20}
  5
 118
{---, 12.020000, 20}
  5
 118
{---, 12.318000, 20}
  5
 118
{---, 12.616000, 20}
  5
 118
{---, 12.914000, 20}
  5
 118
{---, 13.212000, 20}
  5
 118
{---, 13.510000, 20}
  5
 118
{---, 13.808000, 20}
  5
 118
{---, 14.106000, 20}
  5
 118
{---, 14.404000, 20}
  5
 118
{---, 14.702000, 20}
  5
 118
{---, 15.000000, 20}
  5
 121
{---, 0.100000, 20}
  5
 121
{---, 0.398000, 20}
  5
 121
{---, 0.696000, 20}
  5
 121
{---, 0.994000, 20}
  5
 121
{---, 1.292000, 20}
  5
 121
{---, 1.590000, 20}
  5
 121
{---, 1.888000, 20}
  5
 121
{---, 2.186000, 20}
  5
 121
{---, 2.484000, 20}
  5
 121
{---, 2.782000, 20}
  5
 121
{---, 3.080000, 20}
  5
 121
{---, 3.378000, 20}
  5
 121
{---, 3.676000, 20}
  5
 121
{---, 3.974000, 20}
  5
 121
{---, 4.272000, 20}
  5
 121
{---, 4.570000, 20}
  5
 121
{---, 4.868000, 20}
  5
 121
{---, 5.166000, 20}
  5
 121
{---, 5.464000, 20}
  5
 121
{---, 5.762000, 20}
  5
 121
{---, 6.060000, 20}
  5
 121
{---, 6.358000, 20}
  5
 121
{---, 6.656000, 20}
  5
 121
{---, 6.954000, 20}
  5
 121
{---, 7.252000, 20}
  5
 121
{---, 7.550000, 20}
  5
 121
{---, 7.848000, 20}
  5
 121
{---, 8.146000, 20}
  5
 121
{---, 8.444000, 20}
  5
 121
{---, 8.742000, 20}
  5
 121
{---, 9.040000, 20}
  5
 121
{---, 9.338000, 20}
  5
 121
{---, 9.636000, 20}
  5
 121
{---, 9.934000, 20}
  5
 121
{---, 10.232000, 20}
  5
 121
{---, 10.530000, 20}
  5
 121
{---, 10.828000, 20}
  5
 121
{---, 11.126000, 20}
  5
 121
{---, 11.424000, 20}
  5
 121
{---, 11.722000, 20}
  5
 121
{---, 12.020000, 20}
  5
 121
{---, 12.318000, 20}
  5
 121
{---, 12.616000, 20}
  5
 121
{---, 12.914000, 20}
  5
 121
{---, 13.212000, 20}
  5
 121
{---, 13.510000, 20}
  5
 121
{---, 13.808000, 20}
  5
 121
{---, 14.106000, 20}
  5
 121
{---, 14.404000, 20}
  5
 121
{---, 14.702000, 20}
  5
 121
{---, 15.000000, 20}
  5
 124
{---, 0.100000, 20}
  5
 124
{---, 0.398000, 20}
  5
 124
{---, 0.696000, 20}
  5
 124
{---, 0.994000, 20}
  5
 124
{---, 1.292000, 20}
  5
 124
{---, 1.590000, 20}
  5
 124
{---, 1.888000, 20}
  5
 124
{---, 2.186000, 20}
  5
 124
{---, 2.484000, 20}
  5
 124
{---, 2.782000, 20}
  5
 124
{---, 3.080000, 20}
  5
 124
{---, 3.378000, 20}
  5
 124
{---, 3.676000, 20}
  5
 124
{---, 3.974000, 20}
  5
 124
{---, 4.272000, 20}
  5
 124
{---, 4.570000, 20}
  5
 124
{---, 4.868000, 20}
  5
 124
{---, 5.166000, 20}
  5
 124
{---, 5.464000, 20}
  5
 124
{---, 5.762000, 20}
  5
 124
{---, 6.060000, 20}
  5
 124
{---, 6.358000, 20}
  5
 124
{---, 6.656000, 20}
  5
 124
{---, 6.954000, 20}
  5
 124
{---, 7.252000, 20}
  5
 124
{---, 7.550000, 20}
  5
 124
{---, 7.848000, 20}
  5
 124
{---, 8.146000, 20}
  5
 124
{---, 8.444000, 20}
  5
 124
{---, 8.742000, 20}
  5
 124
{---, 9.040000, 20}
  5
 124
{---, 9.338000, 20}
  5
 124
{---, 9.636000, 20}
  5
 124
{---, 9.934000, 20}
  5
 124
{---, 10.232000, 20}
  5
 124
{---, 10.530000, 20}
  5
 124
{---, 10.828000, 20}
  5
 124
{---, 11.126000, 20}
  5
 124
{---, 11.424000, 20}
  5
 124
{---, 11.722000, 20}
  5
 124
{---, 12.020000, 20}
  5
 124
{---, 12.318000, 20}
  5
 124
{---, 12.616000, 20}
  5
 124
{---, 12.914000, 20}
  5
 124
{---, 13.212000, 20}
  5
 124
{---, 13.510000, 20}
  5
 124
{---, 13.808000, 20}
  5
 124
{---, 14.106000, 20}
  5
 124
{---, 14.404000, 20}
  5
 124
{---, 14.702000, 20}
  5
 124
{---, 15.000000, 20}
  5
 127
{---, 0.100000, 20}
  5
 127
{---, 0.398000, 20}
  5
 127
{---, 0.696000, 20}
  5
 127
{---, 0.994000, 20}
  5
 127
{---, 1.292000, 20}
  5
 127
{---, 1.590000, 20}
  5
 127
{---, 1.888000, 20}
  5
 127
{---, 2.186000, 20}
  5
 127
{---, 2.484000, 20}
  5
 127
{---, 2.782000, 20}
  5
 127
{---, 3.080000, 20}
  5
 127
{---, 3.378000, 20}
  5
 127
{---, 3.676000, 20}
  5
 127
{---, 3.974000, 20}
  5
 127
{---, 4.272000, 20}
  5
 127
{---, 4.570000, 20}
  5
 127
{---, 4.868000, 20}
  5
 127
{---, 5.166000, 20}
  5
 127
{---, 5.464000, 20}
  5
 127
{---, 5.762000, 20}
  5
 127
{---, 6.060000, 20}
  5
 127
{---, 6.358000, 20}
  5
 127
{---, 6.656000, 20}
  5
 127
{---, 6.954000, 20}
  5
 127
{---, 7.252000, 20}
  5
 127
{---, 7.550000, 20}
  5
 127
{---, 7.848000, 20}
  5
 127
{---, 8.146000, 20}
  5
 127
{---, 8.444000, 20}
  5
 127
{---, 8.742000, 20}
  5
 127
{---, 9.040000, 20}
  5
 127
{---, 9.338000, 20}
  5
 127
{---, 9.636000, 20}
  5
 127
{---, 9.934000, 20}
  5
 127
{---, 10.232000, 20}
  5
 127
{---, 10.530000, 20}
  5
 127
{---, 10.828000, 20}
  5
 127
{---, 11.126000, 20}
  5
 127
{---, 11.424000, 20}
  5
 127
{---, 11.722000, 20}
  5
 127
{---, 12.020000, 20}
  5
 127
{---, 12.318000, 20}
  5
 127
{---, 12.616000, 20}
  5
 127
{---, 12.914000, 20}
  5
 127
{---, 13.212000, 20}
  5
 127
{---, 13.510000, 20}
  5
 127
{---, 13.808000, 20}
  5
 127
{---, 14.106000, 20}
  5
 127
{---, 14.404000, 20}
  5
 127
{---, 14.702000, 20}
  5
 127
{---, 15.000000, 20}
  5
{26, 0.100000, 20}
{26, 0.398000, 20}
{26, 0.696000, 20}
{26, 0.994000, 20}
{26, 1.292000, 20}
{26, 1.590000, 20}
{26, 1.888000, 20}
{26, 2.186000, 20}
{26, 2.484000, 20}
{26, 2.782000, 20}
{26, 3.080000, 20}
{26, 3.378000, 20}
{26, 3.676000, 20}
{26, 3.974000, 20}
{26, 4.272000, 20}
{26, 4.570000, 20}
{26, 4.868000, 20}
{26, 5.166000, 20}
{26, 5.464000, 20}
{26, 5.762000, 20}
{26, 6.060000, 20}
{26, 6.358000, 20}
{26, 6.656000, 20}
{26, 6.954000, 20}
{26, 7.252000, 20}
{26, 7.550000, 20}
{26, 7.848000, 20}
{26, 8.146000, 20}
{26, 8.444000, 20}
{26, 8.742000, 20}
{26, 9.040000, 20}
{26, 9.338000, 20}
{26, 9.636000, 20}
{26, 9.934000, 20}
{26, 10.232000, 20}
{26, 10.530000, 20}
{26, 10.828000, 20}
{26, 11.126000, 20}
{26, 11.424000, 20}
{26, 11.722000, 20}
{26, 12.020000, 20}
{26, 12.318000, 20}
{26, 12.616000, 20}
{26, 12.914000, 20}
{26, 13.212000, 20}
{26, 13.510000, 20}
{26, 13.808000, 20}
{26, 14.106000, 20}
{26, 14.404000, 20}
{26, 14.702000, 20}
{26, 15.000000, 20}
 133
{---, 0.100000, 20}
  5
 133
{---, 0.398000, 20}
  5
 133
{---, 0.696000, 20}
  5
 133
{---, 0.994000, 20}
  5
 133
{---, 1.292000, 20}
  5
 133
{---, 1.590000, 20}
  5
 133
{---, 1.888000, 20}
  5
 133
{---, 2.186000, 20}
  5
 133
{---, 2.484000, 20}
  5
 133
{---, 2.782000, 20}
  5
 133
{---, 3.080000, 20}
  5
 133
{---, 3.378000, 20}
  5
 133
{---, 3.676000, 20}
  5
 133
{---, 3.974000, 20}
  5
 133
{---, 4.272000, 20}
  5
 133
{---, 4.570000, 20}
  5
 133
{---, 4.868000, 20}
  5
 133
{---, 5.166000, 20}
  5
 133
{---, 5.464000, 20}
  5
 133
{---, 5.762000, 20}
  5
 133
{---, 6.060000, 20}
  5
 133
{---, 6.358000, 20}
  5
 133
{---, 6.656000, 20}
  5
 133
{---, 6.954000, 20}
  5
 133
{---, 7.252000, 20}
  5
 133
{---, 7.550000, 20}
  5
 133
{---, 7.848000, 20}
  5
 133
{---, 8.146000, 20}
  5
 133
{---, 8.444000, 20}
  5
 133
{---, 8.742000, 20}
  5
 133
{---, 9.040000, 20}
  5
 133
{---, 9.338000, 20}
  5
 133
{---, 9.636000, 20}
  5
 133
{---, 9.934000, 20}
  5
 133
{---, 10.232000, 20}
  5
 133
{---, 10.530000, 20}
  5
 133
{---, 10.828000, 20}
  5
 133
{---, 11.126000, 20}
  5
 133
{---, 11.424000, 20}
  5
 133
{---, 11.722000, 20}
  5
 133
{---, 12.020000, 20}
  5
 133
{---, 12.318000, 20}
  5
 133
{---, 12.616000, 20}
  5
 133
{---, 12.914000, 20}
  5
 133
{---, 13.212000, 20}
  5
 133
{---, 13.510000, 20}
  5
 133
{---, 13.808000, 20}
  5
 133
{---, 14.106000, 20}
  5
 133
{---, 14.404000, 20}
  5
 133
{---, 14.702000, 20}
  5
 133
{---, 15.000000, 20}
  5
 136
{---, 0.100000, 20}
  5
 136
{---, 0.398000, 20}
  5
 136
{---, 0.696000, 20}
  5
 136
{---, 0.994000, 20}
  5
 136
{---, 1.292000, 20}
  5
 136
{---, 1.590000, 20}
  5
 136
{---, 1.888000, 20}
  5
 136
{---, 2.186000, 20}
  5
 136
{---, 2.484000, 20}
  5
 136
{---, 2.782000, 20}
  5
 136
{---, 3.080000, 20}
  5
 136
{---, 3.378000, 20}
  5
 136
{---, 3.676000, 20}
  5
 136
{---, 3.974000, 20}
  5
 136
{---, 4.272000, 20}
  5
 136
{---, 4.570000, 20}
  5
 136
{---, 4.868000, 20}
  5
 136
{---, 5.166000, 20}
  5
 136
{---, 5.464000, 20}
  5
 136
{---, 5.762000, 20}
  5
 136
{---, 6.060000, 20}
  5
 136
{---, 6.358000, 20}
  5
 136
{---, 6.656000, 20}
  5
 136
{---, 6.954000, 20}
  5
 136
{---, 7.252000, 20}
  5
 136
{---, 7.550000, 20}
  5
 136
{---, 7.848000, 20}
  5
 136
{---, 8.146000, 20}
  5
 136
{---, 8.444000, 20}
  5
 136
{---, 8.742000, 20}
  5
 136
{---, 9.040000, 20}
  5
 136
{---, 9.338000, 20}
  5
 136
{---, 9.636000, 20}
  5
 136
{---, 9.934000, 20}
  5
 136
{---, 10.232000, 20}
  5
 136
{---, 10.530000, 20}
  5
 136
{---, 10.828000, 20}
  5
 136
{---, 11.126000, 20}
  5
 136
{---, 11.424000, 20}
  5
 136
{---, 11.722000, 20}
  5
 136
{---, 12.020000, 20}
  5
 136
{---, 12.318000, 20}
  5
 136
{---, 12.616000, 20}
  5
 136
{---, 12.914000, 20}
  5
 136
{---, 13.212000, 20}
  5
 136
{---, 13.510000, 20}
  5
 136
{---, 13.808000, 20}
  5
 136
{---, 14.106000, 20}
  5
 136
{---, 14.404000, 20}
  5
 136
{---, 14.702000, 20}
  5
 136
{---, 15.000000, 20}
  5
 139
{---, 0.100000, 20}
  5
 139
{---, 0.398000, 20}
  5
 139
{---, 0.696000, 20}
  5
 139
{---, 0.994000, 20}
  5
 139
{---, 1.292000, 20}
  5
 139
{---, 1.590000, 20}
  5
 139
{---, 1.888000, 20}
  5
 139
{---, 2.186000, 20}
  5
 139
{---, 2.484000, 20}
  5
 139
{---, 2.782000, 20}
  5
 139
{---, 3.080000, 20}
  5
 139
{---, 3.378000, 20}
  5
 139
{---, 3.676000, 20}
  5
 139
{---, 3.974000, 20}
  5
 139
{---, 4.272000, 20}
  5
 139
{---, 4.570000, 20}
  5
 139
{---, 4.868000, 20}
  5
 139
{---, 5.166000, 20}
  5
 139
{---, 5.464000, 20}
  5
 139
{---, 5.762000, 20}
  5
 139
{---, 6.060000, 20}
  5
 139
{---, 6.358000, 20}
  5
 139
{---, 6.656000, 20}
  5
 139
{---, 6.954000, 20}
  5
 139
{---, 7.252000, 20}
  5
 139
{---, 7.550000, 20}
  5
 139
{---, 7.848000, 20}
  5
 139
{---, 8.146000, 20}
  5
 139
{---, 8.444000, 20}
  5
 139
{---, 8.742000, 20}
  5
 139
{---, 9.040000, 20}
  5
 139
{---, 9.338000, 20}
  5
 139
{---, 9.636000, 20}
  5
 139
{---, 9.934000, 20}
  5
 139
{---, 10.232000, 20}
  5
 139
{---, 10.530000, 20}
  5
 139
{---, 10.828000, 20}
  5
 139
{---, 11.126000, 20}
  5
 139
{---, 11.424000, 20}
  5
 139
{---, 11.722000, 20}
  5
 139
{---, 12.020000, 20}
  5
 139
{---, 12.318000, 20}
  5
 139
{---, 12.616000, 20}
  5
 139
{---, 12.914000, 20}
  5
 139
{---, 13.212000, 20}
  5
 139
{---, 13.510000, 20}
  5
 139
{---, 13.808000, 20}
  5
 139
{---, 14.106000, 20}
  5
 139
{---, 14.404000, 20}
  5
 139
{---, 14.702000, 20}
  5
 139
{---, 15.000000, 20}
  5
 142
{---, 0.100000, 20}
  5
 142
{---, 0.398000, 20}
  5
 142
{---, 0.696000, 20}
  5
 142
{---, 0.994000, 20}
  5
 142
{---, 1.292000, 20}
  5
 142
{---, 1.590000, 20}
  5
 142
{---, 1.888000, 20}
  5
 142
{---, 2.186000, 20}
  5
 142
{---, 2.484000, 20}
  5
 142
{---, 2.782000, 20}
  5
 142
{---, 3.080000, 20}
  5
 142
{---, 3.378000, 20}
  5
 142
{---, 3.676000, 20}
  5
 142
{---, 3.974000, 20}
  5
 142
{---, 4.272000, 20}
  5
 142
{---, 4.570000, 20}
  5
 142
{---, 4.868000, 20}
  5
 142
{---, 5.166000, 20}
  5
 142
{---, 5.464000, 20}
  5
 142
{---, 5.762000, 20}
  5
 142
{---, 6.060000, 20}
  5
 142
{---, 6.358000, 20}
  5
 142
{---, 6.656000, 20}
  5
 142
{---, 6.954000, 20}
  5
 142
{---, 7.252000, 20}
  5
 142
{---, 7.550000, 20}
  5
 142
{---, 7.848000, 20}
  5
 142
{---, 8.146000, 20}
  5
 142
{---, 8.444000, 20}
  5
 142
{---, 8.742000, 20}
  5
 142
{---, 9.040000, 20}
  5
 142
{---, 9.338000, 20}
  5
 142
{---, 9.636000, 20}
  5
 142
{---, 9.934000, 20}
  5
 142
{---, 10.232000, 20}
  5
 142
{---, 10.530000, 20}
  5
 142
{---, 10.828000, 20}
  5
 142
{---, 11.126000, 20}
  5
 142
{---, 11.424000, 20}
  5
 142
{---, 11.722000, 20}
  5
 142
{---, 12.020000, 20}
  5
 142
{---, 12.318000, 20}
  5
 142
{---, 12.616000, 20}
  5
 142
{---, 12.914000, 20}
  5
 142
{---, 13.212000, 20}
  5
 142
{---, 13.510000, 20}
  5
 142
{---, 13.808000, 20}
  5
 142
{---, 14.106000, 20}
  5
 142
{---, 14.404000, 20}
  5
 142
{---, 14.702000, 20}
  5
 142
{---, 15.000000, 20}
  5
{29, 0.100000, 20}
{29, 0.398000, 20}
{29, 0.696000, 20}
{29, 0.994000, 20}
{29, 1.292000, 20}
{29, 1.590000, 20}
{29, 1.888000, 20}
{29, 2.186000, 20}
{29, 2.484000, 20}
{29, 2.782000, 20}
{29, 3.080000, 20}
{29, 3.378000, 20}
{29, 3.676000, 20}
{29, 3.974000, 20}
{29, 4.272000, 20}
{29, 4.570000, 20}
{29, 4.868000, 20}
{29, 5.166000, 20}
{29, 5.464000, 20}
{29, 5.762000, 20}
{29, 6.060000, 20}
{29, 6.358000, 20}
{29, 6.656000, 20}
{29, 6.954000, 20}
{29, 7.252000, 20}
{29, 7.550000, 20}
{29, 7.848000, 20}
{29, 8.146000, 20}
{29, 8.444000, 20}
{29, 8.742000, 20}
{29, 9.040000, 20}
{29, 9.338000, 20}
{29, 9.636000, 20}
{29, 9.934000, 20}
{29, 10.232000, 20}
{29, 10.530000, 20}
{29, 10.828000, 20}
{29, 11.126000, 20}
{29, 11.424000, 20}
{29, 11.722000, 20}
{29, 12.020000, 20}
{29, 12.318000, 20}
{29, 12.616000, 20}
{29, 12.914000, 20}
{29, 13.212000, 20}
{29, 13.510000, 20}
{29, 13.808000, 20}
{29, 14.106000, 20}
{29, 14.404000, 20}
{29, 14.702000, 20}
{29, 15.000000, 20}
 148
{---, 0.100000, 20}
  5
 148
{---, 0.398000, 20}
  5
 148
{---, 0.696000, 20}
  5
 148
{---, 0.994000, 20}
  5
 148
{---, 1.292000, 20}
  5
 148
{---, 1.590000, 20}
  5
 148
{---, 1.888000, 20}
  5
 148
{---, 2.186000, 20}
  5
 148
{---, 2.484000, 20}
  5
 148
{---, 2.782000, 20}
  5
 148
{---, 3.080000, 20}
  5
 148
{---, 3.378000, 20}
  5
 148
{---, 3.676000, 20}
  5
 148
{---, 3.974000, 20}
  5
 148
{---, 4.272000, 20}
  5
 148
{---, 4.570000, 20}
  5
 148
{---, 4.868000, 20}
  5
 148
{---, 5.166000, 20}
  5
 148
{---, 5.464000, 20}
  5
 148
{---, 5.762000, 20}
  5
 148
{---, 6.060000, 20}
  5
 148
{---, 6.358000, 20}
  5
 148
{---, 6.656000, 20}
  5
 148
{---, 6.954000, 20}
  5
 148
{---, 7.252000, 20}
  5
 148
{---, 7.550000, 20}
  5
 148
{---, 7.848000, 20}
  5
 148
{---, 8.146000, 20}
  5
 148
{---, 8.444000, 20}
  5
 148
{---, 8.742000, 20}
  5
 148
{---, 9.040000, 20}
  5
 148
{---, 9.338000, 20}
  5
 148
{---, 9.636000, 20}
  5
 148
{---, 9.934000, 20}
  5
 148
{---, 10.232000, 20}
  5
 148
{---, 10.530000, 20}
  5
 148
{---, 10.828000, 20}
  5
 148
{---, 11.126000, 20}
  5
 148
{---, 11.424000, 20}
  5
 148
{---, 11.722000, 20}
  5
 148
{---, 12.020000, 20}
  5
 148
{---, 12.318000, 20}
  5
 148
{---, 12.616000, 20}
  5
 148
{---, 12.914000, 20}
  5
 148
{---, 13.212000, 20}
  5
 148
{---, 13.510000, 20}
  5
 148
{---, 13.808000, 20}
  5
 148
{---, 14.106000, 20}
  5
 148
{---, 14.404000, 20}
  5
 148
{---, 14.702000, 20}
  5
 148
{---, 15.000000, 20}
  5
 151
{---, 0.100000, 20}
  5
 151
{---, 0.398000, 20}
  5
 151
{---, 0.696000, 20}
  5
 151
{---, 0.994000, 20}
  5
 151
{---, 1.292000, 20}
  5
 151
{---, 1.590000, 20}
  5
 151
{---, 1.888000, 20}
  5
 151
{---, 2.186000, 20}
  5
 151
{---, 2.484000, 20}
  5
 151
{---, 2.782000, 20}
  5
 151
{---, 3.080000, 20}
  5
 151
{---, 3.378000, 20}
  5
 151
{---, 3.676000, 20}
  5
 151
{---, 3.974000, 20}
  5
 151
{---, 4.272000, 20}
  5
 151
{---, 4.570000, 20}
  5
 151
{---, 4.868000, 20}
  5
 151
{---, 5.166000, 20}
  5
 151
{---, 5.464000, 20}
  5
 151
{---, 5.762000, 20}
  5
 151
{---, 6.060000, 20}
  5
 151
{---, 6.358000, 20}
  5
 151
{---, 6.656000, 20}
  5
 151
{---, 6.954000, 20}
  5
 151
{---, 7.252000, 20}
  5
 151
{---, 7.550000, 20}
  5
 151
{---, 7.848000, 20}
  5
 151
{---, 8.146000, 20}
  5
 151
{---, 8.444000, 20}
  5
 151
{---, 8.742000, 20}
  5
 151
{---, 9.040000, 20}
  5
 151
{---, 9.338000, 20}
  5
 151
{---, 9.636000, 20}
  5
 151
{---, 9.934000, 20}
  5
 151
{---, 10.232000, 20}
  5
 151
{---, 10.530000, 20}
  5
 151
{---, 10.828000, 20}
  5
 151
{---, 11.126000, 20}
  5
 151
{---, 11.424000, 20}
  5
 151
{---, 11.722000, 20}
  5
 151
{---, 12.020000, 20}
  5
 151
{---, 12.318000, 20}
  5
 151
{---, 12.616000, 20}
  5
 151
{---, 12.914000, 20}
  5
 151
{---, 13.212000, 20}
  5
 151
{---, 13.510000, 20}
  5
 151
{---, 13.808000, 20}
  5
 151
{---, 14.106000, 20}
  5
 151
{---, 14.404000, 20}
  5
 151
{---, 14.702000, 20}
  5
 151
{---, 15.000000, 20}
  5
 154
{---, 0.100000, 20}
  5
 154
{---, 0.398000, 20}
  5
 154
{---, 0.696000, 20}
  5
 154
{---, 0.994000, 20}
  5
 154
{---, 1.292000, 20}
  5
 154
{---, 1.590000, 20}
  5
 154
{---, 1.888000, 20}
  5
 154
{---, 2.186000, 20}
  5
 154
{---, 2.484000, 20}
  5
 154
{---, 2.782000, 20}
  5
 154
{---, 3.080000, 20}
  5
 154
{---, 3.378000, 20}
  5
 154
{---, 3.676000, 20}
  5
 154
{---, 3.974000, 20}
  5
 154
{---, 4.272000, 20}
  5
 154
{---, 4.570000, 20}
  5
 154
{---, 4.868000, 20}
  5
 154
{---, 5.166000, 20}
  5
 154
{---, 5.464000, 20}
  5
 154
{---, 5.762000, 20}
  5
 154
{---, 6.060000, 20}
  5
 154
{---, 6.358000, 20}
  5
 154
{---, 6.656000, 20}
  5
 154
{---, 6.954000, 20}
  5
 154
{---, 7.252000, 20}
  5
 154
{---, 7.550000, 20}
  5
 154
{---, 7.848000, 20}
  5
 154
{---, 8.146000, 20}
  5
 154
{---, 8.444000, 20}
  5
 154
{---, 8.742000, 20}
  5
 154
{---, 9.040000, 20}
  5
 154
{---, 9.338000, 20}
  5
 154
{---, 9.636000, 20}
  5
 154
{---, 9.934000, 20}
  5
 154
{---, 10.232000, 20}
  5
 154
{---, 10.530000, 20}
  5
 154
{---, 10.828000, 20}
  5
 154
{---, 11.126000, 20}
  5
 154
{---, 11.424000, 20}
  5
 154
{---, 11.722000, 20}
  5
 154
{---, 12.020000, 20}
  5
 154
{---, 12.318000, 20}
  5
 154
{---, 12.616000, 20}
  5
 154
{---, 12.914000, 20}
  5
 154
{---, 13.212000, 20}
  5
 154
{---, 13.510000, 20}
  5
 154
{---, 13.808000, 20}
  5
 154
{---, 14.106000, 20}
  5
 154
{---, 14.404000, 20}
  5
 154
{---, 14.702000, 20}
  5
 154
{---, 15.000000, 20}
  5
 157
{---, 0.100000, 20}
  5
 157
{---, 0.398000, 20}
  5
 157
{---, 0.696000, 20}
  5
 157
{---, 0.994000, 20}
  5
 157
{---, 1.292000, 20}
  5
 157
{---, 1.590000, 20}
  5
 157
{---, 1.888000, 20}
  5
 157
{---, 2.186000, 20}
  5
 157
{---, 2.484000, 20}
  5
 157
{---, 2.782000, 20}
  5
 157
{---, 3.080000, 20}
  5
 157
{---, 3.378000, 20}
  5
 157
{---, 3.676000, 20}
  5
 157
{---, 3.974000, 20}
  5
 157
{---, 4.272000, 20}
  5
 157
{---, 4.570000, 20}
  5
 157
{---, 4.868000, 20}
  5
 157
{---, 5.166000, 20}
  5
 157
{---, 5.464000, 20}
  5
 157
{---, 5.762000, 20}
  5
 157
{---, 6.060000, 20}
  5
 157
{---, 6.358000, 20}
  5
 157
{---, 6.656000, 20}
  5
 157
{---, 6.954000, 20}
  5
 157
{---, 7.252000, 20}
  5
 157
{---, 7.550000, 20}
  5
 157
{---, 7.848000, 20}
  5
 157
{---, 8.146000, 20}
  5
 157
{---, 8.444000, 20}
  5
 157
{---, 8.742000, 20}
  5
 157
{---, 9.040000, 20}
  5
 157
{---, 9.338000, 20}
  5
 157
{---, 9.636000, 20}
  5
 157
{---, 9.934000, 20}
  5
 157
{---, 10.232000, 20}
  5
 157
{---, 10.530000, 20}
  5
 157
{---, 10.828000, 20}
  5
 157
{---, 11.126000, 20}
  5
 157
{---, 11.424000, 20}
  5
 157
{---, 11.722000, 20}
  5
 157
{---, 12.020000, 20}
  5
 157
{---, 12.318000, 20}
  5
 157
{---, 12.616000, 20}
  5
 157
{---, 12.914000, 20}
  5
 157
{---, 13.212000, 20}
  5
 157
{---, 13.510000, 20}
  5
 157
{---, 13.808000, 20}
  5
 157
{---, 14.106000, 20}
  5
 157
{---, 14.404000, 20}
  5
 157
{---, 14.702000, 20}
  5
 157
{---, 15.000000, 20}
  5
{32, 0.100000, 20}
{32, 0.398000, 20}
{32, 0.696000, 20}
{32, 0.994000, 20}
{32, 1.292000, 20}
{32, 1.590000, 20}
{32, 1.888000, 20}
{32, 2.186000, 20}
{32, 2.484000, 20}
{32, 2.782000, 20}
{32, 3.080000, 20}
{32, 3.378000, 20}
{32, 3.676000, 20}
{32, 3.974000, 20}
{32, 4.272000, 20}
{32, 4.570000, 20}
{32, 4.868000, 20}
{32, 5.166000, 20}
{32, 5.464000, 20}
{32, 5.762000, 20}
{32, 6.060000, 20}
{32, 6.358000, 20}
{32, 6.656000, 20}
{32, 6.954000, 20}
{32, 7.252000, 20}
{32, 7.550000, 20}
{32, 7.848000, 20}
{32, 8.146000, 20}
{32, 8.444000, 20}
{32, 8.742000, 20}
{32, 9.040000, 20}
{32, 9.338000, 20}
{32, 9.636000, 20}
{32, 9.934000, 20}
{32, 10.232000, 20}
{32, 10.530000, 20}
{32, 10.828000, 20}
{32, 11.126000, 20}
{32, 11.424000, 20}
{32, 11.722000, 20}
{32, 12.020000, 20}
{32, 12.318000, 20}
{32, 12.616000, 20}
{32, 12.914000, 20}
{32, 13.212000, 20}
{32, 13.510000, 20}
{32, 13.808000, 20}
{32, 14.106000, 20}
{32, 14.404000, 20}
{32, 14.702000, 20}
{32, 15.000000, 20}